transaction_id,account_id,transaction_type,amount,transaction_date
10001,5090,Deposit,45000,2026-07-30
10002,5461,Transfer,19000,2026-07-30
10003,5125,Withdrawal,39000,2026-07-30
10004,5351,Transfer,21500,2026-07-30
10005,6325,Transfer,66000,2026-07-30
10006,5251,Deposit,13500,2026-07-30
10007,5181,Transfer,5000,2026-07-30
10008,5967,Deposit,50500,2026-07-30
10009,6351,Transfer,97500,2026-07-30
10010,6023,Withdrawal,75000,2026-07-30
10011,5141,Withdrawal,54000,2026-07-30
10012,6336,Deposit,15000,2026-07-30
10013,5041,Deposit,35000,2026-07-30
10014,5381,Transfer,28500,2026-07-30
10015,5615,Deposit,96000,2026-07-30
10016,5178,Deposit,56500,2026-07-30
10017,5723,Transfer,49000,2026-07-30
10018,5947,Withdrawal,80000,2026-07-30
10019,5541,Withdrawal,43000,2026-07-30
10020,5174,Transfer,36500,2026-07-30
10021,5282,Withdrawal,38000,2026-07-30
10022,5967,Withdrawal,63500,2026-07-30
10023,5241,Deposit,66000,2026-07-30
10024,5997,Deposit,11500,2026-07-30
10025,5226,Deposit,54000,2026-07-30
10026,5822,Withdrawal,66000,2026-07-30
10027,6215,Deposit,31000,2026-07-30
10028,6396,Transfer,5500,2026-07-30
10029,5990,Deposit,91000,2026-07-30
10030,5650,Withdrawal,22000,2026-07-30
10031,5300,Withdrawal,34500,2026-07-30
10032,5687,Transfer,5000,2026-07-30
10033,5185,Deposit,62000,2026-07-30
10034,5233,Withdrawal,22500,2026-07-30
10035,5780,Deposit,67500,2026-07-30
10036,5410,Transfer,2000,2026-07-30
10037,5158,Withdrawal,22000,2026-07-30
10038,5284,Deposit,79500,2026-07-30
10039,5800,Transfer,94500,2026-07-30
10040,5554,Deposit,26000,2026-07-30
10041,6195,Withdrawal,19000,2026-07-30
10042,5788,Deposit,49000,2026-07-30
10043,5443,Transfer,88500,2026-07-30
10044,5798,Transfer,24000,2026-07-30
10045,5685,Transfer,51000,2026-07-30
10046,5962,Transfer,15500,2026-07-30
10047,5477,Withdrawal,8500,2026-07-30
10048,5186,Transfer,93000,2026-07-30
10049,5161,Transfer,82500,2026-07-30
10050,5897,Deposit,7500,2026-07-30
10051,5618,Transfer,40500,2026-07-30
10052,5768,Transfer,100000,2026-07-30
10053,5982,Deposit,40000,2026-07-30
10054,5751,Transfer,31000,2026-07-30
10055,5501,Deposit,74000,2026-07-30
10056,5501,Transfer,89500,2026-07-30
10057,5072,Transfer,16500,2026-07-30
10058,5307,Deposit,87000,2026-07-30
10059,5912,Transfer,46000,2026-07-30
10060,5897,Deposit,39500,2026-07-30
10061,5877,Transfer,38500,2026-07-30
10062,5401,Deposit,27500,2026-07-30
10063,6481,Transfer,58000,2026-07-30
10064,5950,Deposit,72500,2026-07-30
10065,5032,Deposit,1000,2026-07-30
10066,5010,Deposit,73000,2026-07-30
10067,5540,Deposit,45500,2026-07-30
10068,6177,Transfer,97000,2026-07-30
10069,5902,Deposit,9500,2026-07-30
10070,5794,Transfer,55000,2026-07-30
10071,5839,Deposit,97500,2026-07-30
10072,6304,Transfer,44500,2026-07-30
10073,5833,Deposit,10500,2026-07-30
10074,5840,Transfer,20000,2026-07-30
10075,5879,Withdrawal,34000,2026-07-30
10076,6301,Deposit,39000,2026-07-30
10077,6161,Deposit,72500,2026-07-30
10078,5243,Deposit,71000,2026-07-30
10079,6385,Deposit,83500,2026-07-30
10080,5003,Transfer,31500,2026-07-30
10081,5981,Withdrawal,97000,2026-07-30
10082,5766,Transfer,86500,2026-07-30
10083,6035,Deposit,45000,2026-07-30
10084,5811,Transfer,64500,2026-07-30
10085,6447,Transfer,49000,2026-07-30
10086,5837,Withdrawal,49000,2026-07-30
10087,5230,Deposit,49000,2026-07-30
10088,5072,Deposit,500,2026-07-30
10089,6216,Deposit,76500,2026-07-30
10090,6094,Deposit,11000,2026-07-30
10091,5592,Deposit,6500,2026-07-30
10092,6465,Withdrawal,55000,2026-07-30
10093,5237,Transfer,11000,2026-07-30
10094,5698,Transfer,31500,2026-07-30
10095,5001,Withdrawal,51000,2026-07-30
10096,5890,Transfer,83000,2026-07-30
10097,6399,Deposit,86000,2026-07-30
10098,6320,Deposit,64500,2026-07-30
10099,5380,Deposit,38500,2026-07-30
10100,5692,Deposit,82500,2026-07-30
10101,5537,Transfer,51500,2026-07-30
10102,6205,Transfer,57500,2026-07-30
10103,5939,Withdrawal,44500,2026-07-30
10104,6280,Deposit,84000,2026-07-30
10105,6474,Deposit,19500,2026-07-30
10106,5757,Transfer,16500,2026-07-30
10107,5744,Deposit,34500,2026-07-30
10108,5613,Deposit,99000,2026-07-30
10109,5763,Deposit,43500,2026-07-30
10110,5030,Withdrawal,77500,2026-07-30
10111,5814,Withdrawal,71000,2026-07-30
10112,6405,Withdrawal,43500,2026-07-30
10113,5238,Deposit,55000,2026-07-30
10114,5517,Withdrawal,57500,2026-07-30
10115,6202,Transfer,44000,2026-07-30
10116,6139,Withdrawal,20500,2026-07-30
10117,5005,Withdrawal,82000,2026-07-30
10118,6389,Deposit,52000,2026-07-30
10119,5966,Transfer,95500,2026-07-30
10120,6243,Withdrawal,87500,2026-07-30
10121,5383,Transfer,83500,2026-07-30
10122,5435,Withdrawal,86500,2026-07-30
10123,6280,Deposit,4500,2026-07-30
10124,5352,Deposit,500,2026-07-30
10125,5488,Transfer,11500,2026-07-30
10126,6276,Deposit,83500,2026-07-30
10127,5502,Deposit,44000,2026-07-30
10128,5371,Transfer,59000,2026-07-30
10129,5600,Transfer,90500,2026-07-30
10130,5329,Deposit,55500,2026-07-30
10131,5012,Withdrawal,11500,2026-07-30
10132,5949,Deposit,11500,2026-07-30
10133,6147,Deposit,40500,2026-07-30
10134,6197,Withdrawal,50000,2026-07-30
10135,5852,Withdrawal,24500,2026-07-30
10136,5888,Transfer,56000,2026-07-30
10137,5551,Deposit,38000,2026-07-30
10138,5833,Transfer,80500,2026-07-30
10139,5668,Withdrawal,34000,2026-07-30
10140,5657,Withdrawal,89500,2026-07-30
10141,5867,Withdrawal,12000,2026-07-30
10142,5782,Withdrawal,86500,2026-07-30
10143,6213,Deposit,15000,2026-07-30
10144,5490,Deposit,21500,2026-07-30
10145,5720,Deposit,48500,2026-07-30
10146,6381,Withdrawal,81000,2026-07-30
10147,5640,Withdrawal,96000,2026-07-30
10148,5739,Withdrawal,29000,2026-07-30
10149,5604,Transfer,10000,2026-07-30
10150,6184,Withdrawal,65500,2026-07-30
10151,5778,Deposit,49000,2026-07-30
10152,5039,Transfer,45000,2026-07-30
10153,5778,Transfer,42500,2026-07-30
10154,5470,Deposit,98500,2026-07-30
10155,5874,Withdrawal,47500,2026-07-30
10156,6209,Transfer,55500,2026-07-30
10157,6118,Deposit,86500,2026-07-30
10158,5692,Transfer,67000,2026-07-30
10159,5992,Transfer,93500,2026-07-30
10160,6295,Withdrawal,79500,2026-07-30
10161,5955,Deposit,52000,2026-07-30
10162,5771,Withdrawal,73500,2026-07-30
10163,5018,Transfer,3000,2026-07-30
10164,5344,Withdrawal,26000,2026-07-30
10165,6381,Transfer,43500,2026-07-30
10166,5795,Transfer,97000,2026-07-30
10167,5539,Withdrawal,85000,2026-07-30
10168,6114,Deposit,9000,2026-07-30
10169,5786,Transfer,52000,2026-07-30
10170,6137,Transfer,48500,2026-07-30
10171,5082,Deposit,96500,2026-07-30
10172,6417,Deposit,78500,2026-07-30
10173,5856,Transfer,91500,2026-07-30
10174,5926,Transfer,49500,2026-07-30
10175,5330,Transfer,32000,2026-07-30
10176,5277,Withdrawal,74500,2026-07-30
10177,6288,Deposit,27000,2026-07-30
10178,5625,Deposit,33500,2026-07-30
10179,5250,Transfer,15000,2026-07-30
10180,6236,Deposit,31500,2026-07-30
10181,5990,Transfer,92000,2026-07-30
10182,5666,Deposit,99000,2026-07-30
10183,5964,Transfer,60000,2026-07-30
10184,5495,Withdrawal,91500,2026-07-30
10185,5632,Withdrawal,49000,2026-07-30
10186,5743,Deposit,76000,2026-07-30
10187,6139,Withdrawal,29000,2026-07-30
10188,5706,Withdrawal,47500,2026-07-30
10189,5364,Withdrawal,79000,2026-07-30
10190,5553,Deposit,3000,2026-07-30
10191,5606,Deposit,26500,2026-07-30
10192,5729,Deposit,14500,2026-07-30
10193,6460,Withdrawal,76500,2026-07-30
10194,6255,Transfer,39000,2026-07-30
10195,5274,Transfer,43000,2026-07-30
10196,5160,Withdrawal,73500,2026-07-30
10197,6308,Deposit,30000,2026-07-30
10198,5320,Withdrawal,9500,2026-07-30
10199,5520,Withdrawal,72000,2026-07-30
10200,5303,Deposit,64500,2026-07-30
10201,6104,Transfer,13000,2026-07-30
10202,5080,Withdrawal,5000,2026-07-30
10203,5024,Transfer,56000,2026-07-30
10204,6370,Transfer,67000,2026-07-30
10205,5199,Transfer,68500,2026-07-30
10206,5185,Deposit,98000,2026-07-30
10207,5736,Withdrawal,15500,2026-07-30
10208,5784,Transfer,33000,2026-07-30
10209,5349,Deposit,62000,2026-07-30
10210,5125,Withdrawal,31000,2026-07-30
10211,5035,Transfer,32000,2026-07-30
10212,5232,Deposit,47000,2026-07-30
10213,5536,Transfer,56500,2026-07-30
10214,5112,Transfer,8500,2026-07-30
10215,6316,Withdrawal,5000,2026-07-30
10216,6025,Withdrawal,22000,2026-07-30
10217,5040,Withdrawal,73000,2026-07-30
10218,5355,Withdrawal,86000,2026-07-30
10219,6269,Withdrawal,39500,2026-07-30
10220,6193,Deposit,79000,2026-07-30
10221,5406,Transfer,95000,2026-07-30
10222,6026,Withdrawal,70500,2026-07-30
10223,5142,Transfer,38500,2026-07-30
10224,6464,Withdrawal,24500,2026-07-30
10225,6211,Transfer,17000,2026-07-30
10226,6431,Withdrawal,10000,2026-07-30
10227,5465,Deposit,57000,2026-07-30
10228,5914,Withdrawal,68000,2026-07-30
10229,5730,Withdrawal,97000,2026-07-30
10230,5250,Deposit,9500,2026-07-30
10231,6051,Withdrawal,86500,2026-07-30
10232,6141,Withdrawal,50000,2026-07-30
10233,5619,Withdrawal,92500,2026-07-30
10234,5690,Deposit,47000,2026-07-30
10235,6243,Withdrawal,83000,2026-07-30
10236,5463,Deposit,71000,2026-07-30
10237,5434,Deposit,37500,2026-07-30
10238,6390,Transfer,58000,2026-07-30
10239,5692,Withdrawal,59500,2026-07-30
10240,5068,Deposit,87500,2026-07-30
10241,5308,Withdrawal,12500,2026-07-30
10242,5971,Deposit,21000,2026-07-30
10243,5216,Deposit,7000,2026-07-30
10244,5268,Transfer,98500,2026-07-30
10245,6161,Transfer,76000,2026-07-30
10246,5568,Transfer,91500,2026-07-30
10247,5522,Transfer,26000,2026-07-30
10248,5791,Deposit,53000,2026-07-30
10249,5559,Withdrawal,91500,2026-07-30
10250,6489,Transfer,96000,2026-07-30
10251,5529,Transfer,78500,2026-07-30
10252,5858,Withdrawal,58000,2026-07-30
10253,6396,Transfer,7000,2026-07-30
10254,5429,Deposit,73000,2026-07-30
10255,6101,Withdrawal,56500,2026-07-30
10256,5626,Transfer,80500,2026-07-30
10257,5050,Transfer,13000,2026-07-30
10258,5746,Withdrawal,12500,2026-07-30
10259,5168,Deposit,23000,2026-07-30
10260,6069,Transfer,20000,2026-07-30
10261,6421,Withdrawal,79500,2026-07-30
10262,5516,Deposit,22000,2026-07-30
10263,5472,Transfer,64000,2026-07-30
10264,5947,Withdrawal,18500,2026-07-30
10265,6103,Deposit,65000,2026-07-30
10266,6086,Withdrawal,98500,2026-07-30
10267,6036,Transfer,31000,2026-07-30
10268,5705,Transfer,32000,2026-07-30
10269,5704,Withdrawal,64000,2026-07-30
10270,6175,Withdrawal,26500,2026-07-30
10271,5670,Transfer,18000,2026-07-30
10272,6151,Withdrawal,71000,2026-07-30
10273,6370,Withdrawal,2500,2026-07-30
10274,6204,Transfer,58500,2026-07-30
10275,5416,Deposit,60000,2026-07-30
10276,6369,Transfer,68000,2026-07-30
10277,5793,Withdrawal,2000,2026-07-30
10278,6287,Transfer,94000,2026-07-30
10279,5316,Deposit,5500,2026-07-30
10280,5397,Withdrawal,3500,2026-07-30
10281,5319,Deposit,65000,2026-07-30
10282,5985,Transfer,25500,2026-07-30
10283,6128,Deposit,66000,2026-07-30
10284,6181,Deposit,25000,2026-07-30
10285,6459,Withdrawal,57500,2026-07-30
10286,5190,Transfer,84500,2026-07-30
10287,5488,Transfer,29500,2026-07-30
10288,5806,Transfer,78000,2026-07-30
10289,6433,Transfer,73000,2026-07-30
10290,5464,Deposit,2500,2026-07-30
10291,5187,Transfer,88000,2026-07-30
10292,6143,Transfer,65000,2026-07-30
10293,6024,Transfer,54000,2026-07-30
10294,6446,Deposit,43000,2026-07-30
10295,5206,Transfer,42500,2026-07-30
10296,5487,Withdrawal,35000,2026-07-30
10297,5004,Transfer,12000,2026-07-30
10298,5199,Deposit,16500,2026-07-30
10299,5033,Transfer,62500,2026-07-30
10300,5511,Withdrawal,16000,2026-07-30
10301,5746,Transfer,52000,2026-07-30
10302,6104,Deposit,40000,2026-07-30
10303,5032,Deposit,7500,2026-07-30
10304,6091,Withdrawal,28000,2026-07-30
10305,5430,Withdrawal,1000,2026-07-30
10306,5305,Transfer,65500,2026-07-30
10307,5497,Transfer,22000,2026-07-30
10308,6327,Transfer,20500,2026-07-30
10309,5033,Transfer,25500,2026-07-30
10310,5040,Deposit,38500,2026-07-30
10311,5783,Withdrawal,79500,2026-07-30
10312,5680,Withdrawal,2500,2026-07-30
10313,5816,Transfer,96000,2026-07-30
10314,5701,Transfer,88500,2026-07-30
10315,5377,Withdrawal,99500,2026-07-30
10316,5919,Withdrawal,9500,2026-07-30
10317,6051,Transfer,48500,2026-07-30
10318,5381,Withdrawal,18000,2026-07-30
10319,5937,Withdrawal,6500,2026-07-30
10320,5421,Withdrawal,59500,2026-07-30
10321,5614,Deposit,90500,2026-07-30
10322,5064,Transfer,59000,2026-07-30
10323,5864,Deposit,90000,2026-07-30
10324,5669,Transfer,76500,2026-07-30
10325,5984,Deposit,60000,2026-07-30
10326,6311,Deposit,29000,2026-07-30
10327,5319,Deposit,83000,2026-07-30
10328,5925,Withdrawal,95500,2026-07-30
10329,6153,Transfer,81000,2026-07-30
10330,5582,Withdrawal,77000,2026-07-30
10331,5440,Transfer,98000,2026-07-30
10332,5959,Deposit,15500,2026-07-30
10333,5818,Withdrawal,72500,2026-07-30
10334,5115,Withdrawal,26000,2026-07-30
10335,5056,Deposit,24000,2026-07-30
10336,5645,Transfer,92500,2026-07-30
10337,5994,Deposit,71000,2026-07-30
10338,5603,Transfer,18000,2026-07-30
10339,5855,Transfer,92000,2026-07-30
10340,6306,Withdrawal,6000,2026-07-30
10341,5003,Deposit,65500,2026-07-30
10342,5777,Withdrawal,41000,2026-07-30
10343,5582,Withdrawal,16000,2026-07-30
10344,5570,Transfer,24000,2026-07-30
10345,5951,Withdrawal,82500,2026-07-30
10346,5064,Transfer,69500,2026-07-30
10347,5087,Deposit,24500,2026-07-30
10348,5551,Transfer,81500,2026-07-30
10349,6201,Transfer,33500,2026-07-30
10350,6496,Withdrawal,78500,2026-07-30
10351,5520,Withdrawal,9500,2026-07-30
10352,5440,Withdrawal,90500,2026-07-30
10353,5848,Withdrawal,23500,2026-07-30
10354,5285,Transfer,34500,2026-07-30
10355,5445,Deposit,33500,2026-07-30
10356,5279,Deposit,87500,2026-07-30
10357,5457,Transfer,74500,2026-07-30
10358,5264,Deposit,65000,2026-07-30
10359,6156,Deposit,67500,2026-07-30
10360,5608,Transfer,67500,2026-07-30
10361,6046,Transfer,80500,2026-07-30
10362,5365,Transfer,92000,2026-07-30
10363,5325,Transfer,80500,2026-07-30
10364,5661,Withdrawal,62000,2026-07-30
10365,5544,Withdrawal,36500,2026-07-30
10366,6040,Deposit,21000,2026-07-30
10367,5063,Transfer,95500,2026-07-30
10368,5925,Transfer,24000,2026-07-30
10369,5789,Withdrawal,33000,2026-07-30
10370,6093,Withdrawal,54000,2026-07-30
10371,5970,Deposit,19500,2026-07-30
10372,6352,Transfer,21500,2026-07-30
10373,5580,Withdrawal,58000,2026-07-30
10374,6320,Transfer,88500,2026-07-30
10375,6029,Withdrawal,79500,2026-07-30
10376,6163,Withdrawal,98000,2026-07-30
10377,5078,Deposit,34500,2026-07-30
10378,6323,Withdrawal,25000,2026-07-30
10379,5324,Transfer,9000,2026-07-30
10380,5740,Withdrawal,54000,2026-07-30
10381,5009,Transfer,39500,2026-07-30
10382,5110,Deposit,14500,2026-07-30
10383,5735,Withdrawal,90000,2026-07-30
10384,5377,Transfer,75000,2026-07-30
10385,5075,Transfer,72500,2026-07-30
10386,5422,Withdrawal,45500,2026-07-30
10387,6470,Deposit,47500,2026-07-30
10388,5826,Transfer,25500,2026-07-30
10389,5625,Deposit,23000,2026-07-30
10390,5353,Deposit,41000,2026-07-30
10391,5976,Deposit,85000,2026-07-30
10392,5223,Withdrawal,1000,2026-07-30
10393,6463,Deposit,83500,2026-07-30
10394,5964,Withdrawal,37000,2026-07-30
10395,5910,Withdrawal,96000,2026-07-30
10396,5937,Withdrawal,88500,2026-07-30
10397,6465,Transfer,21500,2026-07-30
10398,5239,Deposit,10000,2026-07-30
10399,5025,Deposit,91500,2026-07-30
10400,5079,Transfer,3500,2026-07-30
10401,5092,Transfer,23000,2026-07-30
10402,6044,Withdrawal,39500,2026-07-30
10403,5608,Transfer,77500,2026-07-30
10404,6280,Transfer,56500,2026-07-30
10405,5148,Withdrawal,62500,2026-07-30
10406,5766,Withdrawal,75000,2026-07-30
10407,6190,Deposit,14000,2026-07-30
10408,6232,Transfer,84500,2026-07-30
10409,5580,Deposit,68000,2026-07-30
10410,5576,Deposit,63000,2026-07-30
10411,5014,Transfer,39500,2026-07-30
10412,5966,Deposit,19500,2026-07-30
10413,5592,Transfer,90000,2026-07-30
10414,6134,Transfer,60000,2026-07-30
10415,5948,Withdrawal,34000,2026-07-30
10416,5438,Withdrawal,76500,2026-07-30
10417,5039,Transfer,17500,2026-07-30
10418,5306,Withdrawal,85000,2026-07-30
10419,5899,Transfer,11000,2026-07-30
10420,5357,Deposit,3500,2026-07-30
10421,5834,Withdrawal,17500,2026-07-30
10422,6161,Withdrawal,19500,2026-07-30
10423,5230,Transfer,19500,2026-07-30
10424,5619,Withdrawal,3000,2026-07-30
10425,5789,Withdrawal,13500,2026-07-30
10426,5437,Deposit,89500,2026-07-30
10427,5968,Withdrawal,56500,2026-07-30
10428,6358,Transfer,58000,2026-07-30
10429,5741,Deposit,92500,2026-07-30
10430,5128,Deposit,8000,2026-07-30
10431,6364,Transfer,18000,2026-07-30
10432,5113,Transfer,34000,2026-07-30
10433,5822,Transfer,70500,2026-07-30
10434,6383,Withdrawal,57500,2026-07-30
10435,5772,Transfer,14000,2026-07-30
10436,6029,Transfer,85000,2026-07-30
10437,5522,Withdrawal,13000,2026-07-30
10438,5708,Transfer,15500,2026-07-30
10439,5334,Withdrawal,49000,2026-07-30
10440,5634,Withdrawal,11500,2026-07-30
10441,5924,Transfer,82000,2026-07-30
10442,5910,Deposit,69000,2026-07-30
10443,6197,Transfer,79500,2026-07-30
10444,5496,Transfer,99500,2026-07-30
10445,5106,Transfer,80500,2026-07-30
10446,5693,Deposit,500,2026-07-30
10447,6333,Deposit,6500,2026-07-30
10448,5756,Withdrawal,63500,2026-07-30
10449,5618,Transfer,88500,2026-07-30
10450,6298,Deposit,74500,2026-07-30
10451,5638,Withdrawal,92500,2026-07-30
10452,5480,Deposit,24000,2026-07-30
10453,5033,Deposit,42500,2026-07-30
10454,5287,Deposit,88500,2026-07-30
10455,5260,Deposit,72500,2026-07-30
10456,5416,Deposit,23000,2026-07-30
10457,6112,Transfer,11000,2026-07-30
10458,5108,Transfer,28000,2026-07-30
10459,5741,Transfer,47500,2026-07-30
10460,6041,Transfer,77000,2026-07-30
10461,5080,Deposit,55500,2026-07-30
10462,6241,Transfer,15500,2026-07-30
10463,6430,Withdrawal,85000,2026-07-30
10464,5860,Deposit,35000,2026-07-30
10465,5209,Withdrawal,51000,2026-07-30
10466,5659,Deposit,97000,2026-07-30
10467,5553,Deposit,23500,2026-07-30
10468,6110,Deposit,84500,2026-07-30
10469,5220,Transfer,67000,2026-07-30
10470,5550,Transfer,26000,2026-07-30
10471,5720,Deposit,22000,2026-07-30
10472,5587,Withdrawal,90000,2026-07-30
10473,5185,Transfer,87500,2026-07-30
10474,6250,Transfer,53500,2026-07-30
10475,5878,Deposit,42500,2026-07-30
10476,5727,Transfer,17500,2026-07-30
10477,6269,Deposit,80000,2026-07-30
10478,6065,Deposit,96000,2026-07-30
10479,5861,Transfer,34500,2026-07-30
10480,6172,Deposit,30500,2026-07-30
10481,5902,Transfer,51500,2026-07-30
10482,5475,Deposit,36000,2026-07-30
10483,5155,Withdrawal,14500,2026-07-30
10484,5731,Withdrawal,55500,2026-07-30
10485,6185,Withdrawal,27000,2026-07-30
10486,6349,Deposit,28000,2026-07-30
10487,6313,Deposit,18500,2026-07-30
10488,5597,Withdrawal,61500,2026-07-30
10489,5111,Deposit,46500,2026-07-30
10490,5897,Transfer,76000,2026-07-30
10491,5447,Deposit,15000,2026-07-30
10492,5770,Transfer,11500,2026-07-30
10493,5296,Deposit,43000,2026-07-30
10494,6061,Withdrawal,22500,2026-07-30
10495,5282,Transfer,12000,2026-07-30
10496,5103,Withdrawal,75500,2026-07-30
10497,5040,Deposit,47500,2026-07-30
10498,5593,Deposit,12000,2026-07-30
10499,5937,Deposit,46000,2026-07-30
10500,6000,Withdrawal,4500,2026-07-30
10501,6431,Withdrawal,44500,2026-07-30
10502,6398,Transfer,72500,2026-07-30
10503,5887,Transfer,79500,2026-07-30
10504,6383,Deposit,29000,2026-07-30
10505,5904,Transfer,9000,2026-07-30
10506,6073,Withdrawal,36000,2026-07-30
10507,6390,Deposit,38000,2026-07-30
10508,5256,Withdrawal,57500,2026-07-30
10509,6192,Transfer,9000,2026-07-30
10510,5050,Withdrawal,45500,2026-07-30
10511,6124,Withdrawal,5500,2026-07-30
10512,6151,Withdrawal,92500,2026-07-30
10513,6295,Deposit,45000,2026-07-30
10514,5992,Transfer,500,2026-07-30
10515,6008,Withdrawal,15000,2026-07-30
10516,5877,Deposit,27000,2026-07-30
10517,5198,Transfer,35000,2026-07-30
10518,6471,Withdrawal,85500,2026-07-30
10519,6330,Transfer,51500,2026-07-30
10520,5451,Deposit,99000,2026-07-30
10521,6176,Transfer,60000,2026-07-30
10522,5939,Withdrawal,14500,2026-07-30
10523,6217,Transfer,17000,2026-07-30
10524,6303,Withdrawal,80500,2026-07-30
10525,6373,Deposit,13000,2026-07-30
10526,5887,Deposit,15500,2026-07-30
10527,5369,Deposit,86500,2026-07-30
10528,5471,Transfer,80000,2026-07-30
10529,5139,Withdrawal,43000,2026-07-30
10530,5953,Deposit,62500,2026-07-30
10531,6235,Deposit,61000,2026-07-30
10532,5902,Deposit,59500,2026-07-30
10533,5060,Transfer,81500,2026-07-30
10534,5870,Withdrawal,72500,2026-07-30
10535,5530,Withdrawal,44500,2026-07-30
10536,5666,Withdrawal,99000,2026-07-30
10537,5485,Deposit,75500,2026-07-30
10538,6098,Withdrawal,23000,2026-07-30
10539,6222,Withdrawal,87000,2026-07-30
10540,5861,Withdrawal,81000,2026-07-30
10541,5155,Transfer,100000,2026-07-30
10542,5862,Withdrawal,23500,2026-07-30
10543,6331,Withdrawal,86500,2026-07-30
10544,5452,Withdrawal,36500,2026-07-30
10545,5993,Deposit,93500,2026-07-30
10546,5912,Transfer,17000,2026-07-30
10547,5047,Deposit,66000,2026-07-30
10548,5347,Withdrawal,11000,2026-07-30
10549,6106,Withdrawal,59000,2026-07-30
10550,5602,Deposit,21500,2026-07-30
10551,5736,Withdrawal,68500,2026-07-30
10552,5249,Withdrawal,63000,2026-07-30
10553,5157,Deposit,82000,2026-07-30
10554,5344,Withdrawal,16000,2026-07-30
10555,6456,Deposit,37000,2026-07-30
10556,6037,Transfer,11500,2026-07-30
10557,6125,Withdrawal,22000,2026-07-30
10558,6441,Transfer,64000,2026-07-30
10559,6179,Withdrawal,64000,2026-07-30
10560,5076,Deposit,47000,2026-07-30
10561,6117,Transfer,96500,2026-07-30
10562,5925,Transfer,32500,2026-07-30
10563,5647,Withdrawal,62500,2026-07-30
10564,5713,Transfer,67000,2026-07-30
10565,5170,Deposit,53000,2026-07-30
10566,5430,Deposit,4000,2026-07-30
10567,5360,Withdrawal,66500,2026-07-30
10568,5523,Deposit,73500,2026-07-30
10569,5596,Transfer,74000,2026-07-30
10570,6012,Deposit,86000,2026-07-30
10571,6254,Withdrawal,71500,2026-07-30
10572,5156,Deposit,55000,2026-07-30
10573,6120,Deposit,13500,2026-07-30
10574,6289,Withdrawal,76500,2026-07-30
10575,5505,Transfer,78500,2026-07-30
10576,6438,Transfer,57000,2026-07-30
10577,5177,Transfer,27000,2026-07-30
10578,5571,Withdrawal,73000,2026-07-30
10579,5634,Withdrawal,79500,2026-07-30
10580,5875,Withdrawal,18000,2026-07-30
10581,5625,Transfer,18500,2026-07-30
10582,5547,Transfer,54000,2026-07-30
10583,5265,Deposit,44500,2026-07-30
10584,6494,Withdrawal,23500,2026-07-30
10585,5652,Transfer,60500,2026-07-30
10586,5098,Transfer,65000,2026-07-30
10587,5441,Deposit,37000,2026-07-30
10588,5053,Deposit,85500,2026-07-30
10589,6087,Deposit,80500,2026-07-30
10590,5064,Withdrawal,40000,2026-07-30
10591,5637,Transfer,72500,2026-07-30
10592,6360,Deposit,58000,2026-07-30
10593,5344,Deposit,75500,2026-07-30
10594,5748,Withdrawal,100000,2026-07-30
10595,5835,Deposit,68000,2026-07-30
10596,5283,Transfer,48000,2026-07-30
10597,5789,Transfer,21500,2026-07-30
10598,6335,Transfer,51500,2026-07-30
10599,5712,Deposit,40500,2026-07-30
10600,6189,Transfer,15500,2026-07-30
10601,5543,Withdrawal,67000,2026-07-30
10602,6442,Deposit,48500,2026-07-30
10603,5227,Deposit,71000,2026-07-30
10604,5141,Deposit,34000,2026-07-30
10605,5936,Transfer,82500,2026-07-30
10606,5924,Withdrawal,14000,2026-07-30
10607,6258,Withdrawal,71000,2026-07-30
10608,5635,Withdrawal,43500,2026-07-30
10609,6006,Transfer,57000,2026-07-30
10610,5911,Deposit,21000,2026-07-30
10611,5496,Transfer,73500,2026-07-30
10612,5049,Transfer,75500,2026-07-30
10613,5272,Transfer,9000,2026-07-30
10614,5480,Transfer,26500,2026-07-30
10615,5356,Transfer,67500,2026-07-30
10616,5036,Deposit,88000,2026-07-30
10617,5328,Withdrawal,55000,2026-07-30
10618,6041,Deposit,27500,2026-07-30
10619,5277,Withdrawal,71500,2026-07-30
10620,5091,Withdrawal,79500,2026-07-30
10621,5926,Transfer,51500,2026-07-30
10622,5051,Withdrawal,56500,2026-07-30
10623,5584,Transfer,86500,2026-07-30
10624,6453,Transfer,66500,2026-07-30
10625,6451,Withdrawal,11500,2026-07-30
10626,5610,Transfer,88000,2026-07-30
10627,5381,Deposit,22500,2026-07-30
10628,5748,Withdrawal,98000,2026-07-30
10629,6215,Deposit,87000,2026-07-30
10630,5816,Deposit,28500,2026-07-30
10631,5594,Withdrawal,93500,2026-07-30
10632,5129,Deposit,41000,2026-07-30
10633,6460,Transfer,26500,2026-07-30
10634,6255,Withdrawal,4500,2026-07-30
10635,6266,Transfer,24500,2026-07-30
10636,5907,Withdrawal,2000,2026-07-30
10637,5786,Withdrawal,67000,2026-07-30
10638,6303,Deposit,38000,2026-07-30
10639,6337,Deposit,26000,2026-07-30
10640,5598,Transfer,97500,2026-07-30
10641,5819,Transfer,23000,2026-07-30
10642,6341,Withdrawal,5000,2026-07-30
10643,6199,Transfer,59000,2026-07-30
10644,5950,Transfer,82000,2026-07-30
10645,5022,Deposit,31500,2026-07-30
10646,5891,Deposit,72500,2026-07-30
10647,6005,Deposit,43500,2026-07-30
10648,6228,Transfer,96500,2026-07-30
10649,6280,Deposit,45500,2026-07-30
10650,5244,Transfer,51000,2026-07-30
10651,5686,Withdrawal,57000,2026-07-30
10652,5753,Transfer,49500,2026-07-30
10653,6253,Withdrawal,95000,2026-07-30
10654,6337,Deposit,54500,2026-07-30
10655,5427,Withdrawal,14000,2026-07-30
10656,6127,Withdrawal,26500,2026-07-30
10657,5734,Deposit,35500,2026-07-30
10658,5138,Deposit,13500,2026-07-30
10659,6098,Transfer,51000,2026-07-30
10660,5740,Transfer,4000,2026-07-30
10661,6459,Deposit,43500,2026-07-30
10662,6058,Deposit,15000,2026-07-30
10663,5636,Withdrawal,16500,2026-07-30
10664,5647,Deposit,88000,2026-07-30
10665,5242,Transfer,93500,2026-07-30
10666,5092,Deposit,97500,2026-07-30
10667,5851,Withdrawal,79000,2026-07-30
10668,5016,Deposit,24500,2026-07-30
10669,5101,Withdrawal,22000,2026-07-30
10670,6032,Transfer,9500,2026-07-30
10671,5614,Withdrawal,98000,2026-07-30
10672,5242,Deposit,7000,2026-07-30
10673,5146,Transfer,95500,2026-07-30
10674,5817,Transfer,85500,2026-07-30
10675,5585,Transfer,71000,2026-07-30
10676,6403,Deposit,82500,2026-07-30
10677,5640,Transfer,46500,2026-07-30
10678,5107,Transfer,2500,2026-07-30
10679,5409,Deposit,46000,2026-07-30
10680,5465,Transfer,31500,2026-07-30
10681,5351,Deposit,49000,2026-07-30
10682,5419,Deposit,14000,2026-07-30
10683,5906,Deposit,6500,2026-07-30
10684,5561,Deposit,17500,2026-07-30
10685,5463,Transfer,14000,2026-07-30
10686,6112,Transfer,95000,2026-07-30
10687,5968,Deposit,18000,2026-07-30
10688,6431,Deposit,73500,2026-07-30
10689,5225,Deposit,51500,2026-07-30
10690,6062,Deposit,27000,2026-07-30
10691,6307,Withdrawal,50000,2026-07-30
10692,6280,Deposit,24500,2026-07-30
10693,5489,Transfer,53000,2026-07-30
10694,5565,Deposit,40500,2026-07-30
10695,5350,Withdrawal,57500,2026-07-30
10696,6369,Withdrawal,6500,2026-07-30
10697,5172,Deposit,60500,2026-07-30
10698,5023,Transfer,93500,2026-07-30
10699,6194,Transfer,64000,2026-07-30
10700,5793,Transfer,2000,2026-07-30
10701,5800,Transfer,65000,2026-07-30
10702,5579,Withdrawal,13000,2026-07-30
10703,5415,Transfer,84500,2026-07-30
10704,5673,Transfer,73000,2026-07-30
10705,5747,Withdrawal,19000,2026-07-30
10706,6153,Deposit,7500,2026-07-30
10707,5330,Transfer,50000,2026-07-30
10708,6215,Transfer,77000,2026-07-30
10709,6398,Withdrawal,88500,2026-07-30
10710,6340,Withdrawal,78000,2026-07-30
10711,5735,Withdrawal,66000,2026-07-30
10712,5911,Deposit,12500,2026-07-30
10713,6140,Transfer,60000,2026-07-30
10714,6210,Transfer,50000,2026-07-30
10715,6467,Transfer,37500,2026-07-30
10716,6315,Withdrawal,51000,2026-07-30
10717,5062,Withdrawal,32500,2026-07-30
10718,6409,Transfer,28000,2026-07-30
10719,5378,Transfer,75500,2026-07-30
10720,5430,Deposit,67000,2026-07-30
10721,6260,Deposit,25000,2026-07-30
10722,5312,Transfer,10000,2026-07-30
10723,5541,Deposit,88500,2026-07-30
10724,6171,Transfer,89500,2026-07-30
10725,5677,Deposit,55000,2026-07-30
10726,5411,Withdrawal,60500,2026-07-30
10727,6160,Deposit,40000,2026-07-30
10728,5881,Deposit,61500,2026-07-30
10729,5646,Transfer,28500,2026-07-30
10730,5553,Deposit,52000,2026-07-30
10731,5981,Transfer,72000,2026-07-30
10732,5016,Withdrawal,3000,2026-07-30
10733,6036,Transfer,75500,2026-07-30
10734,5129,Deposit,33000,2026-07-30
10735,5733,Withdrawal,89000,2026-07-30
10736,5151,Deposit,24000,2026-07-30
10737,5343,Deposit,3500,2026-07-30
10738,6359,Withdrawal,43000,2026-07-30
10739,5262,Deposit,85000,2026-07-30
10740,5771,Deposit,42000,2026-07-30
10741,6174,Withdrawal,98000,2026-07-30
10742,6077,Deposit,71500,2026-07-30
10743,5404,Transfer,58000,2026-07-30
10744,6070,Transfer,94500,2026-07-30
10745,6204,Transfer,33000,2026-07-30
10746,5779,Withdrawal,55500,2026-07-30
10747,6008,Deposit,17000,2026-07-30
10748,5400,Withdrawal,51500,2026-07-30
10749,6181,Deposit,79000,2026-07-30
10750,5316,Deposit,40000,2026-07-30
10751,5498,Deposit,98000,2026-07-30
10752,5025,Withdrawal,66000,2026-07-30
10753,5145,Transfer,31500,2026-07-30
10754,5194,Deposit,60500,2026-07-30
10755,5483,Deposit,28500,2026-07-30
10756,5390,Deposit,37000,2026-07-30
10757,6274,Deposit,26000,2026-07-30
10758,5233,Transfer,34500,2026-07-30
10759,5052,Withdrawal,74500,2026-07-30
10760,5320,Deposit,73000,2026-07-30
10761,5794,Deposit,74000,2026-07-30
10762,6333,Transfer,65500,2026-07-30
10763,5972,Deposit,64500,2026-07-30
10764,6359,Withdrawal,83500,2026-07-30
10765,5584,Withdrawal,70000,2026-07-30
10766,5593,Transfer,61500,2026-07-30
10767,6483,Transfer,56500,2026-07-30
10768,5647,Deposit,66000,2026-07-30
10769,5241,Deposit,49000,2026-07-30
10770,6426,Transfer,30000,2026-07-30
10771,5513,Deposit,70000,2026-07-30
10772,6452,Transfer,15000,2026-07-30
10773,6110,Transfer,39000,2026-07-30
10774,6349,Deposit,72000,2026-07-30
10775,6253,Transfer,61500,2026-07-30
10776,6234,Withdrawal,76000,2026-07-30
10777,5945,Deposit,58000,2026-07-30
10778,5231,Withdrawal,22000,2026-07-30
10779,5112,Withdrawal,12500,2026-07-30
10780,5166,Deposit,34500,2026-07-30
10781,5046,Transfer,55500,2026-07-30
10782,5548,Deposit,67000,2026-07-30
10783,5607,Withdrawal,56000,2026-07-30
10784,5834,Deposit,19000,2026-07-30
10785,5936,Transfer,60000,2026-07-30
10786,5763,Deposit,35500,2026-07-30
10787,5115,Withdrawal,77000,2026-07-30
10788,5816,Transfer,91000,2026-07-30
10789,6139,Transfer,63000,2026-07-30
10790,6446,Transfer,500,2026-07-30
10791,5777,Transfer,40000,2026-07-30
10792,6119,Transfer,75500,2026-07-30
10793,5434,Withdrawal,97000,2026-07-30
10794,6265,Withdrawal,29500,2026-07-30
10795,5898,Withdrawal,37500,2026-07-30
10796,5291,Deposit,92500,2026-07-30
10797,5658,Transfer,91000,2026-07-30
10798,6117,Transfer,18000,2026-07-30
10799,5481,Transfer,75500,2026-07-30
10800,5415,Withdrawal,74000,2026-07-30
10801,5320,Deposit,43500,2026-07-30
10802,6296,Deposit,82000,2026-07-30
10803,5154,Withdrawal,33500,2026-07-30
10804,6310,Deposit,92000,2026-07-30
10805,6035,Deposit,77000,2026-07-30
10806,5837,Transfer,87500,2026-07-30
10807,5962,Withdrawal,30500,2026-07-30
10808,5972,Deposit,13000,2026-07-30
10809,5037,Withdrawal,93500,2026-07-30
10810,5352,Deposit,48000,2026-07-30
10811,6125,Transfer,23000,2026-07-30
10812,5016,Withdrawal,58000,2026-07-30
10813,5559,Deposit,45500,2026-07-30
10814,5895,Transfer,44000,2026-07-30
10815,5053,Withdrawal,72000,2026-07-30
10816,5806,Withdrawal,86000,2026-07-30
10817,5630,Transfer,21500,2026-07-30
10818,6039,Withdrawal,23500,2026-07-30
10819,6389,Deposit,91500,2026-07-30
10820,5510,Deposit,34000,2026-07-30
10821,5627,Transfer,18500,2026-07-30
10822,6494,Transfer,45500,2026-07-30
10823,6200,Withdrawal,22000,2026-07-30
10824,5918,Transfer,77000,2026-07-30
10825,5994,Deposit,22500,2026-07-30
10826,5895,Deposit,10000,2026-07-30
10827,6329,Deposit,11500,2026-07-30
10828,5168,Deposit,15000,2026-07-30
10829,5745,Transfer,15000,2026-07-30
10830,6327,Withdrawal,67000,2026-07-30
10831,5332,Withdrawal,62000,2026-07-30
10832,6112,Deposit,47500,2026-07-30
10833,6125,Withdrawal,89500,2026-07-30
10834,5002,Withdrawal,55000,2026-07-30
10835,5379,Transfer,64000,2026-07-30
10836,5281,Deposit,41500,2026-07-30
10837,5070,Deposit,1500,2026-07-30
10838,6431,Transfer,89000,2026-07-30
10839,5571,Withdrawal,80000,2026-07-30
10840,5507,Withdrawal,11500,2026-07-30
10841,5105,Transfer,93000,2026-07-30
10842,5976,Transfer,99500,2026-07-30
10843,6088,Transfer,96000,2026-07-30
10844,5882,Transfer,18000,2026-07-30
10845,5412,Withdrawal,91000,2026-07-30
10846,5349,Withdrawal,14000,2026-07-30
10847,5797,Withdrawal,31500,2026-07-30
10848,5338,Withdrawal,73000,2026-07-30
10849,5298,Withdrawal,79500,2026-07-30
10850,5146,Transfer,10500,2026-07-30
10851,5277,Deposit,23500,2026-07-30
10852,6247,Deposit,1500,2026-07-30
10853,5216,Deposit,32000,2026-07-30
10854,6482,Deposit,33500,2026-07-30
10855,5362,Deposit,94500,2026-07-30
10856,6396,Transfer,67500,2026-07-30
10857,5341,Withdrawal,3500,2026-07-30
10858,5666,Transfer,5000,2026-07-30
10859,5523,Deposit,78500,2026-07-30
10860,5334,Withdrawal,48000,2026-07-30
10861,6179,Deposit,65000,2026-07-30
10862,5220,Deposit,49000,2026-07-30
10863,5524,Withdrawal,20000,2026-07-30
10864,5755,Deposit,76500,2026-07-30
10865,5729,Withdrawal,26500,2026-07-30
10866,5729,Transfer,22500,2026-07-30
10867,6070,Withdrawal,39000,2026-07-30
10868,5658,Deposit,89500,2026-07-30
10869,5067,Withdrawal,40000,2026-07-30
10870,5817,Deposit,36000,2026-07-30
10871,5712,Transfer,39000,2026-07-30
10872,5854,Withdrawal,59500,2026-07-30
10873,5765,Deposit,1500,2026-07-30
10874,5258,Transfer,65500,2026-07-30
10875,6439,Deposit,48500,2026-07-30
10876,5092,Deposit,91000,2026-07-30
10877,5219,Transfer,59000,2026-07-30
10878,5591,Withdrawal,77000,2026-07-30
10879,6468,Withdrawal,2000,2026-07-30
10880,6220,Transfer,61000,2026-07-30
10881,6195,Withdrawal,9500,2026-07-30
10882,6417,Deposit,60500,2026-07-30
10883,6136,Withdrawal,55000,2026-07-30
10884,5350,Transfer,10500,2026-07-30
10885,5361,Transfer,34000,2026-07-30
10886,5746,Deposit,61000,2026-07-30
10887,5912,Deposit,44000,2026-07-30
10888,5201,Withdrawal,92500,2026-07-30
10889,5885,Transfer,65500,2026-07-30
10890,5240,Withdrawal,89500,2026-07-30
10891,5957,Withdrawal,14500,2026-07-30
10892,5667,Transfer,56000,2026-07-30
10893,5975,Deposit,14000,2026-07-30
10894,5664,Transfer,89000,2026-07-30
10895,5657,Deposit,40000,2026-07-30
10896,6157,Withdrawal,73500,2026-07-30
10897,5876,Withdrawal,94500,2026-07-30
10898,5830,Withdrawal,24000,2026-07-30
10899,5983,Withdrawal,20500,2026-07-30
10900,5985,Deposit,82500,2026-07-30
10901,5824,Deposit,16500,2026-07-30
10902,6262,Withdrawal,15000,2026-07-30
10903,6080,Deposit,60500,2026-07-30
10904,6440,Transfer,16500,2026-07-30
10905,6088,Deposit,4500,2026-07-30
10906,5956,Deposit,86000,2026-07-30
10907,5684,Deposit,7500,2026-07-30
10908,5407,Deposit,4000,2026-07-30
10909,5609,Withdrawal,76500,2026-07-30
10910,5947,Transfer,11500,2026-07-30
10911,5810,Withdrawal,71000,2026-07-30
10912,5066,Transfer,50000,2026-07-30
10913,5804,Withdrawal,73000,2026-07-30
10914,5984,Deposit,21000,2026-07-30
10915,6059,Withdrawal,71000,2026-07-30
10916,5749,Transfer,70500,2026-07-30
10917,6030,Withdrawal,35500,2026-07-30
10918,5465,Transfer,54000,2026-07-30
10919,5721,Transfer,95000,2026-07-30
10920,6466,Deposit,99500,2026-07-30
10921,6309,Withdrawal,57000,2026-07-30
10922,5752,Withdrawal,26500,2026-07-30
10923,5618,Deposit,90500,2026-07-30
10924,6428,Withdrawal,66000,2026-07-30
10925,6065,Withdrawal,5000,2026-07-30
10926,5676,Deposit,94000,2026-07-30
10927,6457,Transfer,6500,2026-07-30
10928,6137,Transfer,13500,2026-07-30
10929,5551,Withdrawal,79000,2026-07-30
10930,6017,Transfer,79500,2026-07-30
10931,5997,Transfer,88500,2026-07-30
10932,5059,Transfer,16000,2026-07-30
10933,5970,Transfer,3000,2026-07-30
10934,6111,Deposit,30500,2026-07-30
10935,6240,Withdrawal,95500,2026-07-30
10936,6104,Deposit,48000,2026-07-30
10937,5391,Deposit,78000,2026-07-30
10938,6224,Transfer,94500,2026-07-30
10939,5223,Transfer,71000,2026-07-30
10940,5242,Deposit,83500,2026-07-30
10941,6144,Withdrawal,7000,2026-07-30
10942,5241,Transfer,48500,2026-07-30
10943,5518,Transfer,2000,2026-07-30
10944,5404,Withdrawal,87000,2026-07-30
10945,5494,Transfer,26000,2026-07-30
10946,5148,Withdrawal,95500,2026-07-30
10947,5022,Transfer,3500,2026-07-30
10948,5871,Deposit,22000,2026-07-30
10949,5855,Deposit,93000,2026-07-30
10950,5285,Transfer,70000,2026-07-30
10951,5712,Withdrawal,57000,2026-07-30
10952,5489,Withdrawal,85500,2026-07-30
10953,5221,Withdrawal,15500,2026-07-30
10954,5590,Transfer,34000,2026-07-30
10955,5407,Deposit,81000,2026-07-30
10956,5315,Transfer,15000,2026-07-30
10957,6064,Transfer,10500,2026-07-30
10958,5207,Deposit,500,2026-07-30
10959,5725,Withdrawal,18000,2026-07-30
10960,5707,Transfer,22500,2026-07-30
10961,5983,Transfer,74000,2026-07-30
10962,5802,Transfer,6000,2026-07-30
10963,5662,Transfer,500,2026-07-30
10964,6109,Transfer,51000,2026-07-30
10965,5619,Withdrawal,21000,2026-07-30
10966,5473,Transfer,74000,2026-07-30
10967,5269,Withdrawal,7000,2026-07-30
10968,6360,Transfer,98500,2026-07-30
10969,5273,Withdrawal,11000,2026-07-30
10970,5241,Deposit,32500,2026-07-30
10971,5333,Withdrawal,29000,2026-07-30
10972,5196,Transfer,9000,2026-07-30
10973,5108,Deposit,9000,2026-07-30
10974,6387,Deposit,29500,2026-07-30
10975,6161,Withdrawal,62000,2026-07-30
10976,5677,Deposit,68000,2026-07-30
10977,6276,Transfer,67000,2026-07-30
10978,5706,Withdrawal,53000,2026-07-30
10979,5574,Transfer,86500,2026-07-30
10980,5718,Transfer,51000,2026-07-30
10981,5358,Deposit,92500,2026-07-30
10982,5634,Transfer,59000,2026-07-30
10983,5921,Transfer,34000,2026-07-30
10984,6036,Transfer,35500,2026-07-30
10985,5227,Withdrawal,80500,2026-07-30
10986,6167,Deposit,24500,2026-07-30
10987,5005,Deposit,3500,2026-07-30
10988,5349,Deposit,5000,2026-07-30
10989,5842,Withdrawal,44500,2026-07-30
10990,5488,Withdrawal,28500,2026-07-30
10991,5431,Transfer,93500,2026-07-30
10992,6072,Deposit,40500,2026-07-30
10993,5885,Transfer,68500,2026-07-30
10994,5126,Withdrawal,30500,2026-07-30
10995,5798,Withdrawal,68500,2026-07-30
10996,5808,Transfer,29000,2026-07-30
10997,5106,Transfer,90500,2026-07-30
10998,5843,Transfer,51000,2026-07-30
10999,6446,Deposit,79500,2026-07-30
11000,6225,Deposit,19500,2026-07-30
11001,5762,Withdrawal,94000,2026-07-30
11002,5469,Transfer,50500,2026-07-30
11003,5717,Deposit,38500,2026-07-30
11004,5175,Deposit,48000,2026-07-30
11005,5681,Transfer,50000,2026-07-30
11006,5793,Withdrawal,1000,2026-07-30
11007,6150,Deposit,49500,2026-07-30
11008,5918,Transfer,90500,2026-07-30
11009,6212,Withdrawal,12000,2026-07-30
11010,6212,Withdrawal,82000,2026-07-30
11011,5105,Transfer,25000,2026-07-30
11012,6271,Deposit,42500,2026-07-30
11013,5873,Transfer,40000,2026-07-30
11014,5308,Withdrawal,38500,2026-07-30
11015,5218,Deposit,52000,2026-07-30
11016,5062,Withdrawal,69000,2026-07-30
11017,5915,Withdrawal,70500,2026-07-30
11018,5903,Transfer,41500,2026-07-30
11019,5397,Transfer,44000,2026-07-30
11020,5987,Deposit,97500,2026-07-30
11021,5737,Deposit,96000,2026-07-30
11022,5114,Withdrawal,9500,2026-07-30
11023,6379,Deposit,78000,2026-07-30
11024,5331,Withdrawal,65000,2026-07-30
11025,5295,Deposit,10500,2026-07-30
11026,6277,Deposit,58500,2026-07-30
11027,5512,Withdrawal,27000,2026-07-30
11028,6409,Deposit,19500,2026-07-30
11029,5541,Deposit,73500,2026-07-30
11030,6068,Withdrawal,89500,2026-07-30
11031,6254,Transfer,53000,2026-07-30
11032,5705,Deposit,29000,2026-07-30
11033,6117,Deposit,4000,2026-07-30
11034,6392,Transfer,90000,2026-07-30
11035,5348,Deposit,41500,2026-07-30
11036,6389,Withdrawal,72500,2026-07-30
11037,5962,Deposit,90000,2026-07-30
11038,5411,Transfer,81500,2026-07-30
11039,6225,Withdrawal,43000,2026-07-30
11040,5411,Deposit,93000,2026-07-30
11041,6343,Deposit,19000,2026-07-30
11042,5996,Deposit,12000,2026-07-30
11043,6024,Deposit,36500,2026-07-30
11044,5893,Deposit,97000,2026-07-30
11045,6052,Deposit,73500,2026-07-30
11046,6180,Deposit,89000,2026-07-30
11047,5438,Deposit,65000,2026-07-30
11048,5243,Transfer,33000,2026-07-30
11049,5391,Withdrawal,52000,2026-07-30
11050,5669,Withdrawal,50500,2026-07-30
11051,5685,Withdrawal,94000,2026-07-30
11052,6125,Deposit,44000,2026-07-30
11053,5188,Deposit,45000,2026-07-30
11054,5727,Deposit,26500,2026-07-30
11055,6312,Deposit,30500,2026-07-30
11056,6205,Withdrawal,83500,2026-07-30
11057,5272,Withdrawal,12000,2026-07-30
11058,5746,Deposit,51500,2026-07-30
11059,5646,Transfer,61000,2026-07-30
11060,6341,Transfer,45500,2026-07-30
11061,5252,Withdrawal,30500,2026-07-30
11062,6410,Transfer,83000,2026-07-30
11063,5804,Deposit,38500,2026-07-30
11064,6023,Transfer,26500,2026-07-30
11065,6117,Withdrawal,84500,2026-07-30
11066,5640,Transfer,86000,2026-07-30
11067,5678,Deposit,14500,2026-07-30
11068,5201,Withdrawal,52000,2026-07-30
11069,6397,Withdrawal,21000,2026-07-30
11070,5789,Deposit,20500,2026-07-30
11071,6409,Deposit,24500,2026-07-30
11072,6486,Deposit,77500,2026-07-30
11073,5085,Transfer,95500,2026-07-30
11074,5013,Deposit,16500,2026-07-30
11075,5080,Transfer,12500,2026-07-30
11076,5106,Deposit,63000,2026-07-30
11077,6000,Withdrawal,42000,2026-07-30
11078,5819,Withdrawal,63500,2026-07-30
11079,5442,Withdrawal,30500,2026-07-30
11080,5286,Withdrawal,88000,2026-07-30
11081,5273,Withdrawal,49500,2026-07-30
11082,6482,Withdrawal,71000,2026-07-30
11083,5217,Transfer,49000,2026-07-30
11084,5081,Withdrawal,88000,2026-07-30
11085,5768,Transfer,65000,2026-07-30
11086,6350,Transfer,76000,2026-07-30
11087,5832,Transfer,87500,2026-07-30
11088,6235,Deposit,74000,2026-07-30
11089,6137,Transfer,73500,2026-07-30
11090,5284,Transfer,14500,2026-07-30
11091,6247,Deposit,93000,2026-07-30
11092,6303,Transfer,47000,2026-07-30
11093,6291,Transfer,95000,2026-07-30
11094,5597,Withdrawal,50000,2026-07-30
11095,6425,Withdrawal,78500,2026-07-30
11096,5089,Withdrawal,78000,2026-07-30
11097,6347,Transfer,93000,2026-07-30
11098,6078,Withdrawal,60500,2026-07-30
11099,5907,Transfer,68000,2026-07-30
11100,5506,Deposit,19500,2026-07-30
11101,5539,Withdrawal,80000,2026-07-30
11102,6082,Transfer,39500,2026-07-30
11103,5177,Transfer,45500,2026-07-30
11104,5882,Transfer,76500,2026-07-30
11105,6350,Transfer,93500,2026-07-30
11106,5726,Withdrawal,40500,2026-07-30
11107,5028,Transfer,69000,2026-07-30
11108,5286,Withdrawal,86500,2026-07-30
11109,5866,Deposit,55500,2026-07-30
11110,5958,Deposit,9000,2026-07-30
11111,6018,Withdrawal,61000,2026-07-30
11112,5184,Transfer,89000,2026-07-30
11113,5640,Deposit,37000,2026-07-30
11114,5512,Deposit,5000,2026-07-30
11115,5638,Deposit,66000,2026-07-30
11116,5397,Transfer,36500,2026-07-30
11117,6365,Withdrawal,7000,2026-07-30
11118,5143,Deposit,10500,2026-07-30
11119,5396,Withdrawal,1500,2026-07-30
11120,5059,Transfer,78500,2026-07-30
11121,5185,Deposit,30000,2026-07-30
11122,5697,Transfer,7500,2026-07-30
11123,6349,Deposit,87000,2026-07-30
11124,5744,Withdrawal,68000,2026-07-30
11125,5133,Transfer,56000,2026-07-30
11126,5395,Withdrawal,27500,2026-07-30
11127,5940,Withdrawal,94500,2026-07-30
11128,5827,Withdrawal,99500,2026-07-30
11129,5858,Transfer,98000,2026-07-30
11130,5707,Transfer,66000,2026-07-30
11131,5617,Deposit,58500,2026-07-30
11132,6455,Withdrawal,22500,2026-07-30
11133,5194,Withdrawal,76500,2026-07-30
11134,5242,Transfer,55500,2026-07-30
11135,5746,Withdrawal,49000,2026-07-30
11136,5799,Withdrawal,27000,2026-07-30
11137,5053,Withdrawal,70500,2026-07-30
11138,6475,Transfer,68000,2026-07-30
11139,6293,Transfer,41500,2026-07-30
11140,5343,Deposit,68500,2026-07-30
11141,5213,Withdrawal,71000,2026-07-30
11142,5411,Withdrawal,51000,2026-07-30
11143,5629,Withdrawal,5500,2026-07-30
11144,5391,Transfer,35500,2026-07-30
11145,5580,Withdrawal,31500,2026-07-30
11146,5005,Transfer,8500,2026-07-30
11147,5892,Withdrawal,25500,2026-07-30
11148,5708,Deposit,31000,2026-07-30
11149,5484,Withdrawal,49500,2026-07-30
11150,5981,Withdrawal,65500,2026-07-30
11151,5866,Deposit,100000,2026-07-30
11152,5276,Withdrawal,93500,2026-07-30
11153,5171,Withdrawal,93500,2026-07-30
11154,5845,Transfer,58000,2026-07-30
11155,5104,Withdrawal,62500,2026-07-30
11156,6146,Transfer,7000,2026-07-30
11157,5054,Deposit,22000,2026-07-30
11158,5828,Deposit,53500,2026-07-30
11159,5745,Transfer,43000,2026-07-30
11160,5365,Withdrawal,52000,2026-07-30
11161,5825,Transfer,18000,2026-07-30
11162,5892,Withdrawal,81000,2026-07-30
11163,6189,Withdrawal,79000,2026-07-30
11164,5418,Withdrawal,40500,2026-07-30
11165,6069,Withdrawal,82000,2026-07-30
11166,6415,Deposit,73500,2026-07-30
11167,6457,Deposit,8500,2026-07-30
11168,5424,Withdrawal,39000,2026-07-30
11169,5636,Deposit,30500,2026-07-30
11170,6243,Deposit,4000,2026-07-30
11171,5704,Transfer,84000,2026-07-30
11172,5012,Deposit,38500,2026-07-30
11173,5305,Transfer,68500,2026-07-30
11174,5809,Withdrawal,47500,2026-07-30
11175,5337,Deposit,72500,2026-07-30
11176,5195,Transfer,16000,2026-07-30
11177,5557,Deposit,8000,2026-07-30
11178,5876,Transfer,97000,2026-07-30
11179,5097,Transfer,99500,2026-07-30
11180,5093,Withdrawal,45000,2026-07-30
11181,5949,Withdrawal,48500,2026-07-30
11182,6075,Transfer,49000,2026-07-30
11183,5999,Transfer,4500,2026-07-30
11184,6343,Withdrawal,54500,2026-07-30
11185,5399,Withdrawal,500,2026-07-30
11186,5837,Transfer,57500,2026-07-30
11187,5564,Withdrawal,45000,2026-07-30
11188,6173,Transfer,33000,2026-07-30
11189,5819,Transfer,14500,2026-07-30
11190,5315,Withdrawal,88500,2026-07-30
11191,6441,Deposit,25500,2026-07-30
11192,5812,Deposit,3500,2026-07-30
11193,6347,Withdrawal,31000,2026-07-30
11194,5293,Deposit,91000,2026-07-30
11195,5970,Withdrawal,60500,2026-07-30
11196,5407,Withdrawal,18500,2026-07-30
11197,6274,Withdrawal,4000,2026-07-30
11198,5431,Transfer,10000,2026-07-30
11199,6265,Withdrawal,55500,2026-07-30
11200,6253,Withdrawal,65000,2026-07-30
11201,5942,Transfer,1500,2026-07-30
11202,5823,Withdrawal,30500,2026-07-30
11203,6126,Deposit,31000,2026-07-30
11204,6480,Withdrawal,40500,2026-07-30
11205,5480,Deposit,78000,2026-07-30
11206,5063,Transfer,92000,2026-07-30
11207,5871,Deposit,21000,2026-07-30
11208,5209,Transfer,44500,2026-07-30
11209,6366,Transfer,29500,2026-07-30
11210,5271,Deposit,62000,2026-07-30
11211,5229,Transfer,66000,2026-07-30
11212,5033,Transfer,95500,2026-07-30
11213,5080,Withdrawal,40000,2026-07-30
11214,5302,Withdrawal,17500,2026-07-30
11215,5986,Transfer,77500,2026-07-30
11216,5542,Withdrawal,83000,2026-07-30
11217,6469,Withdrawal,79000,2026-07-30
11218,5434,Transfer,78500,2026-07-30
11219,6199,Withdrawal,31500,2026-07-30
11220,5084,Deposit,31500,2026-07-30
11221,5192,Transfer,13500,2026-07-30
11222,6293,Withdrawal,29500,2026-07-30
11223,5946,Deposit,16000,2026-07-30
11224,5491,Transfer,32000,2026-07-30
11225,6017,Transfer,49500,2026-07-30
11226,6412,Transfer,75000,2026-07-30
11227,5142,Withdrawal,54000,2026-07-30
11228,5450,Transfer,70000,2026-07-30
11229,6476,Withdrawal,71000,2026-07-30
11230,6066,Deposit,36500,2026-07-30
11231,5316,Withdrawal,77000,2026-07-30
11232,6485,Deposit,44500,2026-07-30
11233,6416,Transfer,23500,2026-07-30
11234,6214,Transfer,99000,2026-07-30
11235,6127,Withdrawal,19500,2026-07-30
11236,5031,Withdrawal,44500,2026-07-30
11237,6000,Withdrawal,97000,2026-07-30
11238,6321,Transfer,34000,2026-07-30
11239,5449,Withdrawal,2500,2026-07-30
11240,6356,Deposit,35500,2026-07-30
11241,5851,Deposit,27000,2026-07-30
11242,6469,Transfer,14000,2026-07-30
11243,5842,Withdrawal,33000,2026-07-30
11244,5387,Transfer,46000,2026-07-30
11245,5345,Deposit,43000,2026-07-30
11246,5175,Deposit,100000,2026-07-30
11247,5909,Withdrawal,66000,2026-07-30
11248,5903,Transfer,32500,2026-07-30
11249,5010,Transfer,85000,2026-07-30
11250,5513,Withdrawal,48500,2026-07-30
11251,5236,Deposit,27500,2026-07-30
11252,6473,Deposit,64500,2026-07-30
11253,5272,Withdrawal,20000,2026-07-30
11254,5141,Withdrawal,75000,2026-07-30
11255,6363,Deposit,22000,2026-07-30
11256,5207,Deposit,34500,2026-07-30
11257,5234,Deposit,67500,2026-07-30
11258,5396,Transfer,72500,2026-07-30
11259,6368,Deposit,61500,2026-07-30
11260,5355,Transfer,13500,2026-07-30
11261,5441,Transfer,47000,2026-07-30
11262,6094,Transfer,89000,2026-07-30
11263,5090,Withdrawal,42000,2026-07-30
11264,5190,Deposit,17000,2026-07-30
11265,5055,Transfer,68000,2026-07-30
11266,5346,Transfer,96000,2026-07-30
11267,6232,Transfer,10500,2026-07-30
11268,5643,Transfer,41500,2026-07-30
11269,5001,Withdrawal,83500,2026-07-30
11270,6100,Deposit,33500,2026-07-30
11271,5587,Withdrawal,10500,2026-07-30
11272,6461,Transfer,25000,2026-07-30
11273,6308,Transfer,47000,2026-07-30
11274,5442,Transfer,34000,2026-07-30
11275,5081,Transfer,71000,2026-07-30
11276,5371,Transfer,90500,2026-07-30
11277,5310,Withdrawal,71000,2026-07-30
11278,6473,Deposit,36500,2026-07-30
11279,5893,Transfer,51000,2026-07-30
11280,5687,Transfer,51500,2026-07-30
11281,5460,Withdrawal,13500,2026-07-30
11282,5791,Deposit,77500,2026-07-30
11283,6357,Withdrawal,95000,2026-07-30
11284,5904,Withdrawal,100000,2026-07-30
11285,6483,Deposit,55000,2026-07-30
11286,5761,Withdrawal,98000,2026-07-30
11287,5756,Transfer,25500,2026-07-30
11288,6043,Deposit,96000,2026-07-30
11289,6175,Deposit,93500,2026-07-30
11290,5980,Deposit,35500,2026-07-30
11291,6388,Deposit,32000,2026-07-30
11292,6098,Deposit,92500,2026-07-30
11293,5164,Transfer,25500,2026-07-30
11294,5623,Transfer,14500,2026-07-30
11295,5607,Withdrawal,50000,2026-07-30
11296,5950,Withdrawal,95500,2026-07-30
11297,5792,Transfer,60500,2026-07-30
11298,5331,Withdrawal,14500,2026-07-30
11299,6104,Deposit,70500,2026-07-30
11300,6106,Transfer,72000,2026-07-30
11301,5270,Transfer,73000,2026-07-30
11302,6443,Deposit,29000,2026-07-30
11303,6361,Withdrawal,23000,2026-07-30
11304,5203,Deposit,76500,2026-07-30
11305,5013,Deposit,95500,2026-07-30
11306,6212,Deposit,57000,2026-07-30
11307,5993,Withdrawal,56000,2026-07-30
11308,5887,Transfer,97500,2026-07-30
11309,6206,Deposit,82500,2026-07-30
11310,5059,Withdrawal,94000,2026-07-30
11311,6099,Withdrawal,26500,2026-07-30
11312,5687,Deposit,85000,2026-07-30
11313,6326,Deposit,72500,2026-07-30
11314,5631,Transfer,87000,2026-07-30
11315,5806,Transfer,98000,2026-07-30
11316,5925,Withdrawal,60000,2026-07-30
11317,5258,Withdrawal,82500,2026-07-30
11318,5250,Deposit,85500,2026-07-30
11319,5436,Transfer,24500,2026-07-30
11320,6198,Deposit,6500,2026-07-30
11321,6348,Withdrawal,9500,2026-07-30
11322,5720,Withdrawal,37000,2026-07-30
11323,5400,Transfer,89500,2026-07-30
11324,5381,Deposit,82000,2026-07-30
11325,5269,Deposit,31500,2026-07-30
11326,6174,Withdrawal,50500,2026-07-30
11327,5216,Withdrawal,81500,2026-07-30
11328,5969,Transfer,58500,2026-07-30
11329,5727,Transfer,16000,2026-07-30
11330,5015,Transfer,80500,2026-07-30
11331,6048,Deposit,15000,2026-07-30
11332,5014,Transfer,21500,2026-07-30
11333,5731,Withdrawal,12500,2026-07-30
11334,5145,Transfer,26000,2026-07-30
11335,5682,Deposit,70500,2026-07-30
11336,5165,Withdrawal,48000,2026-07-30
11337,5327,Deposit,80000,2026-07-30
11338,5512,Withdrawal,5000,2026-07-30
11339,5731,Deposit,71500,2026-07-30
11340,6429,Deposit,90000,2026-07-30
11341,6048,Transfer,37000,2026-07-30
11342,5473,Transfer,47500,2026-07-30
11343,5713,Withdrawal,76500,2026-07-30
11344,5372,Transfer,59500,2026-07-30
11345,6475,Transfer,35000,2026-07-30
11346,5531,Deposit,63000,2026-07-30
11347,5393,Withdrawal,50500,2026-07-30
11348,5219,Withdrawal,10000,2026-07-30
11349,5881,Deposit,37000,2026-07-30
11350,5435,Transfer,93000,2026-07-30
11351,6163,Withdrawal,89500,2026-07-30
11352,6364,Transfer,82000,2026-07-30
11353,6451,Transfer,55000,2026-07-30
11354,5214,Transfer,95000,2026-07-30
11355,5311,Withdrawal,100000,2026-07-30
11356,5868,Withdrawal,63000,2026-07-30
11357,5293,Transfer,64500,2026-07-30
11358,5387,Deposit,46500,2026-07-30
11359,5957,Withdrawal,69500,2026-07-30
11360,5440,Transfer,4500,2026-07-30
11361,5200,Withdrawal,67500,2026-07-30
11362,5463,Deposit,25500,2026-07-30
11363,6180,Deposit,22000,2026-07-30
11364,6202,Withdrawal,77500,2026-07-30
11365,5977,Withdrawal,82000,2026-07-30
11366,5790,Deposit,6000,2026-07-30
11367,5648,Deposit,97000,2026-07-30
11368,5129,Withdrawal,37000,2026-07-30
11369,5638,Withdrawal,63000,2026-07-30
11370,6440,Deposit,10500,2026-07-30
11371,5413,Withdrawal,37000,2026-07-30
11372,5662,Withdrawal,20000,2026-07-30
11373,5166,Transfer,87000,2026-07-30
11374,5579,Deposit,46500,2026-07-30
11375,5506,Deposit,16500,2026-07-30
11376,5207,Withdrawal,6000,2026-07-30
11377,5148,Withdrawal,89000,2026-07-30
11378,6274,Deposit,82500,2026-07-30
11379,5332,Deposit,19000,2026-07-30
11380,5813,Deposit,87000,2026-07-30
11381,5758,Transfer,37500,2026-07-30
11382,6215,Withdrawal,83500,2026-07-30
11383,5627,Transfer,37000,2026-07-30
11384,5259,Deposit,12000,2026-07-30
11385,5957,Transfer,37500,2026-07-30
11386,5333,Withdrawal,65000,2026-07-30
11387,5342,Deposit,63500,2026-07-30
11388,5633,Deposit,77500,2026-07-30
11389,5665,Withdrawal,80500,2026-07-30
11390,6410,Deposit,13000,2026-07-30
11391,5569,Transfer,80000,2026-07-30
11392,5562,Transfer,50000,2026-07-30
11393,5833,Withdrawal,79500,2026-07-30
11394,6070,Transfer,38500,2026-07-30
11395,5776,Deposit,53000,2026-07-30
11396,5760,Deposit,10500,2026-07-30
11397,5245,Deposit,28500,2026-07-30
11398,6336,Deposit,48000,2026-07-30
11399,6261,Withdrawal,59000,2026-07-30
11400,5690,Deposit,5000,2026-07-30
11401,5088,Transfer,25500,2026-07-30
11402,6226,Transfer,98500,2026-07-30
11403,5226,Transfer,69500,2026-07-30
11404,5918,Transfer,80500,2026-07-30
11405,5269,Transfer,56000,2026-07-30
11406,5289,Deposit,74500,2026-07-30
11407,6177,Transfer,72000,2026-07-30
11408,6233,Deposit,57000,2026-07-30
11409,6256,Withdrawal,4000,2026-07-30
11410,6061,Deposit,93000,2026-07-30
11411,5384,Withdrawal,11000,2026-07-30
11412,5006,Transfer,69000,2026-07-30
11413,6215,Deposit,15500,2026-07-30
11414,5574,Transfer,70500,2026-07-30
11415,5971,Transfer,40000,2026-07-30
11416,5392,Deposit,94500,2026-07-30
11417,5854,Withdrawal,8000,2026-07-30
11418,5781,Deposit,43000,2026-07-30
11419,5598,Transfer,80500,2026-07-30
11420,6238,Deposit,42500,2026-07-30
11421,5951,Withdrawal,75500,2026-07-30
11422,5077,Withdrawal,10500,2026-07-30
11423,6402,Deposit,53000,2026-07-30
11424,5147,Deposit,55500,2026-07-30
11425,5280,Deposit,12000,2026-07-30
11426,6281,Deposit,45000,2026-07-30
11427,6123,Deposit,77000,2026-07-30
11428,5467,Transfer,15000,2026-07-30
11429,6357,Transfer,500,2026-07-30
11430,6329,Deposit,27500,2026-07-30
11431,5414,Deposit,73000,2026-07-30
11432,5164,Deposit,14000,2026-07-30
11433,5621,Transfer,59500,2026-07-30
11434,5616,Withdrawal,21500,2026-07-30
11435,5795,Withdrawal,30000,2026-07-30
11436,5503,Transfer,84500,2026-07-30
11437,6139,Transfer,81500,2026-07-30
11438,5306,Deposit,21500,2026-07-30
11439,5652,Withdrawal,80500,2026-07-30
11440,5241,Withdrawal,57500,2026-07-30
11441,5430,Withdrawal,88500,2026-07-30
11442,5466,Deposit,99500,2026-07-30
11443,5647,Deposit,88000,2026-07-30
11444,5987,Deposit,28500,2026-07-30
11445,5003,Withdrawal,92500,2026-07-30
11446,5784,Deposit,77500,2026-07-30
11447,5932,Deposit,85000,2026-07-30
11448,6333,Withdrawal,38500,2026-07-30
11449,5713,Transfer,37500,2026-07-30
11450,5712,Deposit,50000,2026-07-30
11451,5763,Deposit,47500,2026-07-30
11452,6252,Transfer,79000,2026-07-30
11453,5627,Transfer,34000,2026-07-30
11454,5565,Deposit,14000,2026-07-30
11455,5422,Withdrawal,99500,2026-07-30
11456,5459,Withdrawal,19000,2026-07-30
11457,6212,Withdrawal,56000,2026-07-30
11458,5684,Withdrawal,31000,2026-07-30
11459,5720,Transfer,18000,2026-07-30
11460,5988,Deposit,17000,2026-07-30
11461,6444,Transfer,70000,2026-07-30
11462,6048,Withdrawal,31000,2026-07-30
11463,5296,Transfer,61000,2026-07-30
11464,5995,Deposit,9000,2026-07-30
11465,6310,Withdrawal,66500,2026-07-30
11466,5582,Transfer,56500,2026-07-30
11467,5627,Withdrawal,77000,2026-07-30
11468,5625,Transfer,94000,2026-07-30
11469,5798,Withdrawal,49000,2026-07-30
11470,5805,Transfer,78000,2026-07-30
11471,6382,Withdrawal,25000,2026-07-30
11472,6346,Deposit,47000,2026-07-30
11473,5014,Deposit,52000,2026-07-30
11474,5594,Withdrawal,87500,2026-07-30
11475,6109,Deposit,78000,2026-07-30
11476,5462,Deposit,35500,2026-07-30
11477,5168,Deposit,23500,2026-07-30
11478,5773,Transfer,72500,2026-07-30
11479,5477,Deposit,92000,2026-07-30
11480,5514,Transfer,95500,2026-07-30
11481,5257,Transfer,44000,2026-07-30
11482,5906,Withdrawal,31000,2026-07-30
11483,5723,Withdrawal,96000,2026-07-30
11484,6125,Deposit,42000,2026-07-30
11485,5519,Transfer,33500,2026-07-30
11486,5999,Deposit,71500,2026-07-30
11487,5892,Deposit,32000,2026-07-30
11488,6382,Withdrawal,97500,2026-07-30
11489,5744,Deposit,90500,2026-07-30
11490,5165,Transfer,74000,2026-07-30
11491,5691,Withdrawal,91500,2026-07-30
11492,6345,Transfer,93500,2026-07-30
11493,5280,Deposit,38500,2026-07-30
11494,5531,Transfer,70500,2026-07-30
11495,5442,Deposit,73000,2026-07-30
11496,5614,Deposit,47500,2026-07-30
11497,5781,Deposit,32000,2026-07-30
11498,5850,Withdrawal,19500,2026-07-30
11499,5448,Deposit,65500,2026-07-30
11500,5005,Deposit,12500,2026-07-30
11501,5587,Withdrawal,30500,2026-07-30
11502,6022,Deposit,45000,2026-07-30
11503,6018,Transfer,61000,2026-07-30
11504,6037,Transfer,88500,2026-07-30
11505,6030,Deposit,66500,2026-07-30
11506,5879,Withdrawal,27000,2026-07-30
11507,6019,Transfer,34500,2026-07-30
11508,6135,Deposit,12000,2026-07-30
11509,5733,Withdrawal,39000,2026-07-30
11510,5188,Transfer,90000,2026-07-30
11511,5779,Withdrawal,48000,2026-07-30
11512,5204,Withdrawal,28000,2026-07-30
11513,5120,Transfer,17500,2026-07-30
11514,5129,Deposit,79500,2026-07-30
11515,5088,Deposit,63500,2026-07-30
11516,5594,Withdrawal,83000,2026-07-30
11517,5354,Transfer,7500,2026-07-30
11518,5212,Transfer,41000,2026-07-30
11519,6446,Deposit,43000,2026-07-30
11520,5895,Deposit,38000,2026-07-30
11521,5269,Withdrawal,40000,2026-07-30
11522,5597,Deposit,20000,2026-07-30
11523,6283,Transfer,47000,2026-07-30
11524,6004,Withdrawal,5000,2026-07-30
11525,5160,Withdrawal,82500,2026-07-30
11526,5281,Withdrawal,75500,2026-07-30
11527,5088,Withdrawal,22500,2026-07-30
11528,5701,Deposit,56500,2026-07-30
11529,5481,Transfer,92000,2026-07-30
11530,6408,Transfer,79500,2026-07-30
11531,5401,Transfer,26500,2026-07-30
11532,5836,Transfer,59500,2026-07-30
11533,5768,Transfer,100000,2026-07-30
11534,5382,Deposit,7000,2026-07-30
11535,5986,Transfer,2500,2026-07-30
11536,5360,Deposit,21500,2026-07-30
11537,6404,Withdrawal,93500,2026-07-30
11538,5416,Deposit,31000,2026-07-30
11539,6286,Transfer,80500,2026-07-30
11540,6184,Withdrawal,98000,2026-07-30
11541,5271,Transfer,84500,2026-07-30
11542,6424,Withdrawal,3500,2026-07-30
11543,5926,Withdrawal,35500,2026-07-30
11544,6205,Deposit,9500,2026-07-30
11545,5796,Transfer,28000,2026-07-30
11546,6388,Deposit,90000,2026-07-30
11547,6020,Transfer,95500,2026-07-30
11548,5774,Transfer,68500,2026-07-30
11549,5106,Withdrawal,76000,2026-07-30
11550,6253,Deposit,17500,2026-07-30
11551,5741,Deposit,80000,2026-07-30
11552,5173,Transfer,2000,2026-07-30
11553,6242,Deposit,56000,2026-07-30
11554,5465,Transfer,56000,2026-07-30
11555,5651,Deposit,87500,2026-07-30
11556,5399,Withdrawal,9000,2026-07-30
11557,5181,Withdrawal,7500,2026-07-30
11558,6224,Transfer,41500,2026-07-30
11559,5610,Deposit,95000,2026-07-30
11560,6043,Deposit,56500,2026-07-30
11561,5522,Transfer,73000,2026-07-30
11562,5289,Deposit,85500,2026-07-30
11563,5323,Deposit,62000,2026-07-30
11564,5068,Transfer,50000,2026-07-30
11565,6447,Deposit,6500,2026-07-30
11566,6477,Deposit,94000,2026-07-30
11567,5322,Withdrawal,29000,2026-07-30
11568,5024,Withdrawal,17500,2026-07-30
11569,5504,Transfer,6000,2026-07-30
11570,6431,Deposit,41500,2026-07-30
11571,5400,Transfer,83500,2026-07-30
11572,6108,Deposit,77000,2026-07-30
11573,5254,Withdrawal,21000,2026-07-30
11574,6484,Withdrawal,19500,2026-07-30
11575,5131,Deposit,37500,2026-07-30
11576,5979,Transfer,26000,2026-07-30
11577,5261,Transfer,42500,2026-07-30
11578,6497,Withdrawal,83500,2026-07-30
11579,5248,Withdrawal,28000,2026-07-30
11580,5274,Transfer,63000,2026-07-30
11581,5960,Transfer,26500,2026-07-30
11582,6353,Transfer,66000,2026-07-30
11583,5868,Deposit,82000,2026-07-30
11584,5752,Deposit,2500,2026-07-30
11585,5422,Deposit,96000,2026-07-30
11586,5729,Withdrawal,89000,2026-07-30
11587,5345,Withdrawal,62000,2026-07-30
11588,6323,Withdrawal,8000,2026-07-30
11589,5477,Withdrawal,90000,2026-07-30
11590,5265,Transfer,31500,2026-07-30
11591,6355,Transfer,69000,2026-07-30
11592,5302,Deposit,65500,2026-07-30
11593,6112,Transfer,32500,2026-07-30
11594,5778,Transfer,73000,2026-07-30
11595,5815,Deposit,100000,2026-07-30
11596,5983,Withdrawal,91500,2026-07-30
11597,5952,Deposit,89000,2026-07-30
11598,5983,Deposit,97500,2026-07-30
11599,6124,Withdrawal,86500,2026-07-30
11600,5849,Transfer,65500,2026-07-30
11601,6210,Deposit,45500,2026-07-30
11602,5751,Deposit,39000,2026-07-30
11603,6122,Deposit,69000,2026-07-30
11604,5097,Deposit,57000,2026-07-30
11605,6431,Transfer,10500,2026-07-30
11606,5216,Deposit,32000,2026-07-30
11607,5318,Withdrawal,76500,2026-07-30
11608,5186,Transfer,99000,2026-07-30
11609,5472,Withdrawal,15000,2026-07-30
11610,5606,Withdrawal,1000,2026-07-30
11611,5790,Transfer,51500,2026-07-30
11612,5046,Deposit,78000,2026-07-30
11613,5700,Transfer,62500,2026-07-30
11614,5426,Transfer,46500,2026-07-30
11615,5878,Withdrawal,28000,2026-07-30
11616,6007,Deposit,24500,2026-07-30
11617,5654,Transfer,88500,2026-07-30
11618,5588,Withdrawal,57500,2026-07-30
11619,6115,Withdrawal,2000,2026-07-30
11620,6194,Transfer,91000,2026-07-30
11621,5614,Withdrawal,33500,2026-07-30
11622,5419,Transfer,94500,2026-07-30
11623,5596,Deposit,35500,2026-07-30
11624,5574,Withdrawal,80500,2026-07-30
11625,6407,Withdrawal,42000,2026-07-30
11626,5630,Deposit,47500,2026-07-30
11627,6155,Deposit,23500,2026-07-30
11628,6122,Withdrawal,11500,2026-07-30
11629,6230,Withdrawal,5000,2026-07-30
11630,6281,Transfer,72000,2026-07-30
11631,5496,Withdrawal,75000,2026-07-30
11632,6361,Deposit,94000,2026-07-30
11633,5440,Transfer,42500,2026-07-30
11634,5425,Deposit,37500,2026-07-30
11635,6279,Withdrawal,45000,2026-07-30
11636,6180,Transfer,48500,2026-07-30
11637,6104,Transfer,9000,2026-07-30
11638,6400,Deposit,6000,2026-07-30
11639,5582,Withdrawal,31500,2026-07-30
11640,6180,Transfer,24000,2026-07-30
11641,6153,Deposit,92500,2026-07-30
11642,6199,Withdrawal,83500,2026-07-30
11643,5251,Deposit,63500,2026-07-30
11644,5895,Withdrawal,94500,2026-07-30
11645,6461,Deposit,87000,2026-07-30
11646,5793,Deposit,87500,2026-07-30
11647,5798,Withdrawal,91000,2026-07-30
11648,5125,Withdrawal,79000,2026-07-30
11649,5590,Withdrawal,6000,2026-07-30
11650,6347,Transfer,31000,2026-07-30
11651,5532,Deposit,46000,2026-07-30
11652,5131,Transfer,7500,2026-07-30
11653,5769,Deposit,21500,2026-07-30
11654,5649,Withdrawal,79000,2026-07-30
11655,6208,Deposit,90500,2026-07-30
11656,6289,Transfer,47500,2026-07-30
11657,5928,Deposit,39500,2026-07-30
11658,5821,Withdrawal,3000,2026-07-30
11659,5605,Withdrawal,24000,2026-07-30
11660,5500,Withdrawal,34500,2026-07-30
11661,5695,Transfer,30000,2026-07-30
11662,6085,Withdrawal,500,2026-07-30
11663,6304,Transfer,37000,2026-07-30
11664,6469,Withdrawal,67000,2026-07-30
11665,6097,Withdrawal,65500,2026-07-30
11666,6258,Deposit,81500,2026-07-30
11667,6374,Withdrawal,22000,2026-07-30
11668,6346,Withdrawal,97000,2026-07-30
11669,5057,Withdrawal,67500,2026-07-30
11670,5395,Transfer,47000,2026-07-30
11671,6050,Withdrawal,84000,2026-07-30
11672,6405,Deposit,58500,2026-07-30
11673,5162,Withdrawal,54000,2026-07-30
11674,5936,Transfer,26000,2026-07-30
11675,5349,Deposit,22000,2026-07-30
11676,5608,Transfer,47500,2026-07-30
11677,5327,Transfer,66500,2026-07-30
11678,6001,Deposit,49500,2026-07-30
11679,6121,Transfer,3500,2026-07-30
11680,5658,Withdrawal,69500,2026-07-30
11681,5479,Transfer,54500,2026-07-30
11682,6186,Withdrawal,22000,2026-07-30
11683,5075,Deposit,46000,2026-07-30
11684,5771,Deposit,18500,2026-07-30
11685,6353,Deposit,54000,2026-07-30
11686,5419,Withdrawal,81500,2026-07-30
11687,6395,Withdrawal,62000,2026-07-30
11688,6208,Withdrawal,44000,2026-07-30
11689,5593,Withdrawal,19500,2026-07-30
11690,5103,Withdrawal,98500,2026-07-30
11691,6495,Deposit,58000,2026-07-30
11692,6413,Deposit,89000,2026-07-30
11693,6176,Transfer,94000,2026-07-30
11694,5966,Withdrawal,16500,2026-07-30
11695,5131,Withdrawal,39500,2026-07-30
11696,5777,Transfer,96000,2026-07-30
11697,5106,Withdrawal,62500,2026-07-30
11698,6384,Withdrawal,68500,2026-07-30
11699,6337,Transfer,99000,2026-07-30
11700,5595,Deposit,18000,2026-07-30
11701,5023,Withdrawal,81500,2026-07-30
11702,5177,Deposit,57000,2026-07-30
11703,6242,Withdrawal,81000,2026-07-30
11704,5295,Deposit,41500,2026-07-30
11705,5249,Withdrawal,62500,2026-07-30
11706,6336,Withdrawal,83500,2026-07-30
11707,6298,Deposit,2000,2026-07-30
11708,5307,Transfer,85500,2026-07-30
11709,6155,Deposit,55500,2026-07-30
11710,5364,Transfer,75500,2026-07-30
11711,5573,Withdrawal,6000,2026-07-30
11712,5988,Withdrawal,34000,2026-07-30
11713,5411,Withdrawal,4000,2026-07-30
11714,5093,Deposit,8000,2026-07-30
11715,6065,Deposit,17500,2026-07-30
11716,6141,Transfer,24500,2026-07-30
11717,6010,Deposit,30000,2026-07-30
11718,6436,Transfer,95000,2026-07-30
11719,6265,Deposit,10000,2026-07-30
11720,5785,Withdrawal,68000,2026-07-30
11721,5546,Deposit,11500,2026-07-30
11722,6221,Withdrawal,4000,2026-07-30
11723,6346,Transfer,28000,2026-07-30
11724,5813,Transfer,69000,2026-07-30
11725,6218,Withdrawal,6000,2026-07-30
11726,5094,Deposit,79000,2026-07-30
11727,6384,Transfer,66500,2026-07-30
11728,5248,Withdrawal,93500,2026-07-30
11729,5416,Deposit,62500,2026-07-30
11730,6089,Withdrawal,74000,2026-07-30
11731,5844,Transfer,83500,2026-07-30
11732,5269,Transfer,18000,2026-07-30
11733,5059,Withdrawal,75500,2026-07-30
11734,5495,Withdrawal,77000,2026-07-30
11735,6406,Deposit,33500,2026-07-30
11736,5825,Deposit,62500,2026-07-30
11737,5305,Deposit,90500,2026-07-30
11738,5908,Transfer,79000,2026-07-30
11739,6173,Transfer,22000,2026-07-30
11740,5274,Deposit,73500,2026-07-30
11741,5318,Deposit,69000,2026-07-30
11742,6112,Withdrawal,64000,2026-07-30
11743,5739,Withdrawal,76000,2026-07-30
11744,5181,Withdrawal,30000,2026-07-30
11745,5066,Withdrawal,94500,2026-07-30
11746,6268,Withdrawal,97500,2026-07-30
11747,6247,Withdrawal,68000,2026-07-30
11748,5327,Transfer,2500,2026-07-30
11749,6004,Transfer,63000,2026-07-30
11750,5567,Deposit,94000,2026-07-30
11751,6151,Withdrawal,4500,2026-07-30
11752,5520,Withdrawal,13000,2026-07-30
11753,5489,Withdrawal,64000,2026-07-30
11754,5982,Withdrawal,32000,2026-07-30
11755,5166,Withdrawal,85500,2026-07-30
11756,5329,Transfer,28000,2026-07-30
11757,5876,Transfer,16000,2026-07-30
11758,5400,Transfer,91500,2026-07-30
11759,5294,Transfer,18500,2026-07-30
11760,5081,Transfer,60000,2026-07-30
11761,6241,Withdrawal,85000,2026-07-30
11762,6208,Withdrawal,22000,2026-07-30
11763,6148,Transfer,54500,2026-07-30
11764,5344,Deposit,49500,2026-07-30
11765,5670,Deposit,96000,2026-07-30
11766,6075,Withdrawal,25500,2026-07-30
11767,5925,Withdrawal,48000,2026-07-30
11768,6073,Deposit,98000,2026-07-30
11769,5367,Transfer,16500,2026-07-30
11770,5197,Deposit,49000,2026-07-30
11771,6406,Withdrawal,53000,2026-07-30
11772,5053,Deposit,67000,2026-07-30
11773,6377,Deposit,57500,2026-07-30
11774,5849,Deposit,74000,2026-07-30
11775,5146,Deposit,28000,2026-07-30
11776,5850,Withdrawal,66000,2026-07-30
11777,5613,Deposit,71000,2026-07-30
11778,6212,Deposit,84500,2026-07-30
11779,6359,Withdrawal,72500,2026-07-30
11780,5375,Deposit,31000,2026-07-30
11781,6381,Transfer,37000,2026-07-30
11782,6334,Deposit,21500,2026-07-30
11783,5826,Withdrawal,35000,2026-07-30
11784,5457,Withdrawal,86500,2026-07-30
11785,6303,Deposit,11000,2026-07-30
11786,5897,Withdrawal,53000,2026-07-30
11787,5293,Deposit,96000,2026-07-30
11788,5170,Transfer,63000,2026-07-30
11789,6273,Withdrawal,44500,2026-07-30
11790,5530,Withdrawal,92500,2026-07-30
11791,5763,Transfer,68000,2026-07-30
11792,5515,Transfer,99000,2026-07-30
11793,5614,Withdrawal,51000,2026-07-30
11794,6109,Withdrawal,15000,2026-07-30
11795,6325,Transfer,15000,2026-07-30
11796,5648,Deposit,76000,2026-07-30
11797,5761,Withdrawal,40000,2026-07-30
11798,5171,Deposit,93000,2026-07-30
11799,6467,Transfer,6000,2026-07-30
11800,5843,Deposit,34000,2026-07-30
11801,6338,Withdrawal,53000,2026-07-30
11802,5251,Transfer,93500,2026-07-30
11803,5087,Deposit,17000,2026-07-30
11804,6352,Transfer,63000,2026-07-30
11805,5807,Deposit,76500,2026-07-30
11806,5040,Deposit,81500,2026-07-30
11807,5729,Deposit,5500,2026-07-30
11808,6340,Deposit,23500,2026-07-30
11809,6270,Deposit,49500,2026-07-30
11810,5728,Transfer,80000,2026-07-30
11811,5765,Withdrawal,94000,2026-07-30
11812,5310,Withdrawal,87000,2026-07-30
11813,6483,Deposit,13500,2026-07-30
11814,5901,Deposit,40500,2026-07-30
11815,5760,Withdrawal,23000,2026-07-30
11816,5536,Transfer,31000,2026-07-30
11817,6263,Deposit,51500,2026-07-30
11818,5694,Deposit,53000,2026-07-30
11819,5073,Transfer,57000,2026-07-30
11820,5311,Withdrawal,95000,2026-07-30
11821,6220,Deposit,97500,2026-07-30
11822,5359,Deposit,14500,2026-07-30
11823,6377,Withdrawal,24500,2026-07-30
11824,5522,Withdrawal,61000,2026-07-30
11825,5014,Transfer,42000,2026-07-30
11826,6400,Withdrawal,9000,2026-07-30
11827,6301,Withdrawal,17000,2026-07-30
11828,5104,Withdrawal,10000,2026-07-30
11829,5760,Withdrawal,3500,2026-07-30
11830,5035,Withdrawal,49000,2026-07-30
11831,6160,Transfer,44000,2026-07-30
11832,5628,Transfer,52500,2026-07-30
11833,5463,Deposit,64000,2026-07-30
11834,6058,Deposit,63000,2026-07-30
11835,5373,Withdrawal,50500,2026-07-30
11836,5045,Transfer,88000,2026-07-30
11837,6347,Transfer,77500,2026-07-30
11838,6154,Deposit,50500,2026-07-30
11839,6032,Deposit,96000,2026-07-30
11840,6281,Transfer,11500,2026-07-30
11841,5655,Deposit,37000,2026-07-30
11842,6350,Transfer,56000,2026-07-30
11843,5360,Withdrawal,76500,2026-07-30
11844,5475,Transfer,71500,2026-07-30
11845,5566,Withdrawal,42000,2026-07-30
11846,6001,Transfer,44500,2026-07-30
11847,5222,Transfer,30000,2026-07-30
11848,5927,Transfer,65500,2026-07-30
11849,5960,Transfer,57000,2026-07-30
11850,5366,Deposit,53000,2026-07-30
11851,5604,Transfer,50500,2026-07-30
11852,5887,Transfer,38500,2026-07-30
11853,5941,Deposit,81500,2026-07-30
11854,5514,Withdrawal,74000,2026-07-30
11855,5668,Withdrawal,98500,2026-07-30
11856,5666,Withdrawal,44000,2026-07-30
11857,5241,Transfer,87000,2026-07-30
11858,5753,Withdrawal,2000,2026-07-30
11859,6022,Withdrawal,6000,2026-07-30
11860,5651,Deposit,82000,2026-07-30
11861,5555,Withdrawal,98500,2026-07-30
11862,6269,Deposit,46000,2026-07-30
11863,5934,Transfer,22000,2026-07-30
11864,5481,Transfer,83500,2026-07-30
11865,5832,Deposit,42500,2026-07-30
11866,5730,Deposit,73500,2026-07-30
11867,6194,Transfer,20500,2026-07-30
11868,5818,Deposit,47000,2026-07-30
11869,5369,Withdrawal,2000,2026-07-30
11870,6362,Transfer,36000,2026-07-30
11871,5845,Withdrawal,39500,2026-07-30
11872,6073,Deposit,93000,2026-07-30
11873,5398,Withdrawal,93000,2026-07-30
11874,5048,Deposit,46000,2026-07-30
11875,6077,Withdrawal,31500,2026-07-30
11876,6172,Transfer,20500,2026-07-30
11877,5732,Withdrawal,54500,2026-07-30
11878,5618,Deposit,36000,2026-07-30
11879,6423,Withdrawal,64500,2026-07-30
11880,6124,Withdrawal,60500,2026-07-30
11881,5466,Withdrawal,22500,2026-07-30
11882,5540,Deposit,30500,2026-07-30
11883,5373,Deposit,42000,2026-07-30
11884,6384,Transfer,14000,2026-07-30
11885,5669,Withdrawal,58000,2026-07-30
11886,5899,Withdrawal,63000,2026-07-30
11887,6010,Deposit,72500,2026-07-30
11888,6410,Deposit,28500,2026-07-30
11889,5298,Withdrawal,97500,2026-07-30
11890,6467,Withdrawal,11000,2026-07-30
11891,6070,Deposit,60500,2026-07-30
11892,5201,Withdrawal,40000,2026-07-30
11893,5731,Withdrawal,14000,2026-07-30
11894,5720,Deposit,70500,2026-07-30
11895,6336,Transfer,76500,2026-07-30
11896,5658,Transfer,41000,2026-07-30
11897,5291,Withdrawal,55500,2026-07-30
11898,5280,Deposit,51000,2026-07-30
11899,5566,Deposit,90000,2026-07-30
11900,5407,Transfer,18000,2026-07-30
11901,5730,Transfer,21000,2026-07-30
11902,6444,Withdrawal,20500,2026-07-30
11903,6447,Withdrawal,39500,2026-07-30
11904,5435,Deposit,9500,2026-07-30
11905,5848,Deposit,17500,2026-07-30
11906,5647,Transfer,34000,2026-07-30
11907,6097,Deposit,84000,2026-07-30
11908,5470,Withdrawal,12000,2026-07-30
11909,5119,Transfer,67500,2026-07-30
11910,5105,Withdrawal,34500,2026-07-30
11911,6342,Withdrawal,50500,2026-07-30
11912,5847,Withdrawal,56500,2026-07-30
11913,6428,Transfer,29500,2026-07-30
11914,5434,Transfer,56000,2026-07-30
11915,6029,Transfer,10000,2026-07-30
11916,5596,Transfer,46500,2026-07-30
11917,6221,Deposit,85500,2026-07-30
11918,5411,Withdrawal,21500,2026-07-30
11919,5428,Withdrawal,70500,2026-07-30
11920,5655,Transfer,96000,2026-07-30
11921,5921,Withdrawal,13500,2026-07-30
11922,6076,Transfer,41500,2026-07-30
11923,6492,Withdrawal,6000,2026-07-30
11924,5159,Deposit,49500,2026-07-30
11925,6314,Deposit,88000,2026-07-30
11926,5076,Transfer,25500,2026-07-30
11927,5432,Transfer,8000,2026-07-30
11928,5052,Transfer,17000,2026-07-30
11929,6214,Deposit,49500,2026-07-30
11930,6123,Deposit,97000,2026-07-30
11931,6009,Transfer,52000,2026-07-30
11932,6284,Deposit,7500,2026-07-30
11933,6230,Withdrawal,94000,2026-07-30
11934,6232,Deposit,51000,2026-07-30
11935,5778,Transfer,86500,2026-07-30
11936,5357,Withdrawal,46000,2026-07-30
11937,6395,Deposit,56500,2026-07-30
11938,5758,Withdrawal,25500,2026-07-30
11939,5681,Deposit,1500,2026-07-30
11940,5013,Deposit,59000,2026-07-30
11941,6087,Transfer,72000,2026-07-30
11942,5884,Deposit,51500,2026-07-30
11943,5263,Withdrawal,82500,2026-07-30
11944,6008,Transfer,54000,2026-07-30
11945,6159,Withdrawal,19000,2026-07-30
11946,6001,Withdrawal,52000,2026-07-30
11947,5379,Withdrawal,90500,2026-07-30
11948,6206,Transfer,88500,2026-07-30
11949,5574,Deposit,76500,2026-07-30
11950,6337,Transfer,76500,2026-07-30
11951,5379,Withdrawal,93000,2026-07-30
11952,5661,Withdrawal,71000,2026-07-30
11953,5280,Withdrawal,32000,2026-07-30
11954,5924,Transfer,56500,2026-07-30
11955,5608,Transfer,38500,2026-07-30
11956,5798,Deposit,39000,2026-07-30
11957,6442,Deposit,21000,2026-07-30
11958,5083,Withdrawal,53500,2026-07-30
11959,5678,Deposit,41500,2026-07-30
11960,6335,Transfer,17500,2026-07-30
11961,6045,Withdrawal,86500,2026-07-30
11962,5109,Withdrawal,30000,2026-07-30
11963,5789,Withdrawal,97500,2026-07-30
11964,5216,Transfer,41500,2026-07-30
11965,6179,Deposit,90000,2026-07-30
11966,5399,Withdrawal,13000,2026-07-30
11967,5332,Deposit,44000,2026-07-30
11968,6300,Withdrawal,58000,2026-07-30
11969,6487,Transfer,61500,2026-07-30
11970,5883,Withdrawal,68500,2026-07-30
11971,6382,Withdrawal,39000,2026-07-30
11972,5609,Withdrawal,96000,2026-07-30
11973,5260,Transfer,61500,2026-07-30
11974,5775,Transfer,87000,2026-07-30
11975,6244,Withdrawal,19500,2026-07-30
11976,5702,Deposit,1500,2026-07-30
11977,6465,Deposit,66500,2026-07-30
11978,6344,Deposit,19500,2026-07-30
11979,5210,Deposit,93000,2026-07-30
11980,5356,Deposit,59500,2026-07-30
11981,5922,Withdrawal,44000,2026-07-30
11982,6117,Deposit,64000,2026-07-30
11983,5564,Withdrawal,89500,2026-07-30
11984,5641,Transfer,70500,2026-07-30
11985,5344,Transfer,16500,2026-07-30
11986,5471,Deposit,45000,2026-07-30
11987,5931,Deposit,19000,2026-07-30
11988,5680,Transfer,20500,2026-07-30
11989,5769,Transfer,80500,2026-07-30
11990,5477,Transfer,94000,2026-07-30
11991,5683,Deposit,77000,2026-07-30
11992,5132,Transfer,5000,2026-07-30
11993,6430,Transfer,39500,2026-07-30
11994,6184,Withdrawal,7500,2026-07-30
11995,5636,Withdrawal,83500,2026-07-30
11996,5593,Withdrawal,27000,2026-07-30
11997,5761,Transfer,88500,2026-07-30
11998,5483,Deposit,27500,2026-07-30
11999,5299,Transfer,8000,2026-07-30
12000,5798,Transfer,40500,2026-07-30
12001,5023,Withdrawal,33000,2026-07-30
12002,5479,Deposit,8000,2026-07-30
12003,6412,Withdrawal,76500,2026-07-30
12004,6121,Transfer,77500,2026-07-30
12005,5164,Deposit,30000,2026-07-30
12006,5605,Deposit,55500,2026-07-30
12007,5440,Transfer,11000,2026-07-30
12008,6319,Withdrawal,15000,2026-07-30
12009,5849,Deposit,8500,2026-07-30
12010,5337,Transfer,94000,2026-07-30
12011,6014,Deposit,36000,2026-07-30
12012,6111,Deposit,18500,2026-07-30
12013,6002,Transfer,8000,2026-07-30
12014,5416,Deposit,43500,2026-07-30
12015,5343,Withdrawal,67500,2026-07-30
12016,5735,Withdrawal,61500,2026-07-30
12017,5159,Transfer,57500,2026-07-30
12018,6372,Deposit,46500,2026-07-30
12019,6046,Withdrawal,38500,2026-07-30
12020,5145,Withdrawal,55000,2026-07-30
12021,5138,Transfer,96500,2026-07-30
12022,6220,Deposit,94000,2026-07-30
12023,6333,Deposit,500,2026-07-30
12024,5821,Deposit,55000,2026-07-30
12025,5112,Deposit,12500,2026-07-30
12026,6140,Withdrawal,13000,2026-07-30
12027,5201,Deposit,1000,2026-07-30
12028,5473,Deposit,48000,2026-07-30
12029,5097,Withdrawal,10500,2026-07-30
12030,5917,Deposit,77500,2026-07-30
12031,5489,Transfer,97000,2026-07-30
12032,5271,Deposit,19500,2026-07-30
12033,5414,Transfer,500,2026-07-30
12034,6305,Transfer,25500,2026-07-30
12035,5626,Withdrawal,22000,2026-07-30
12036,5428,Transfer,81000,2026-07-30
12037,6270,Deposit,62500,2026-07-30
12038,5482,Deposit,71500,2026-07-30
12039,5364,Transfer,45500,2026-07-30
12040,5723,Transfer,43500,2026-07-30
12041,5850,Transfer,79500,2026-07-30
12042,5520,Deposit,71000,2026-07-30
12043,6403,Deposit,35000,2026-07-30
12044,6496,Deposit,4500,2026-07-30
12045,5529,Withdrawal,14500,2026-07-30
12046,5581,Deposit,86000,2026-07-30
12047,6499,Deposit,54500,2026-07-30
12048,5502,Transfer,53500,2026-07-30
12049,6102,Withdrawal,53000,2026-07-30
12050,6407,Deposit,54000,2026-07-30
12051,5541,Withdrawal,40500,2026-07-30
12052,6089,Transfer,37000,2026-07-30
12053,5124,Withdrawal,68500,2026-07-30
12054,5676,Deposit,82500,2026-07-30
12055,5665,Transfer,93500,2026-07-30
12056,5309,Transfer,10500,2026-07-30
12057,5160,Deposit,56000,2026-07-30
12058,5551,Withdrawal,45000,2026-07-30
12059,6097,Transfer,39500,2026-07-30
12060,6438,Withdrawal,4500,2026-07-30
12061,5345,Deposit,61500,2026-07-30
12062,5573,Deposit,49000,2026-07-30
12063,6433,Deposit,69500,2026-07-30
12064,5606,Transfer,18500,2026-07-30
12065,5461,Withdrawal,82500,2026-07-30
12066,6268,Deposit,23000,2026-07-30
12067,5456,Transfer,15500,2026-07-30
12068,6075,Transfer,69000,2026-07-30
12069,6319,Deposit,66000,2026-07-30
12070,6211,Withdrawal,73000,2026-07-30
12071,5124,Withdrawal,1500,2026-07-30
12072,5748,Withdrawal,14500,2026-07-30
12073,6135,Deposit,5500,2026-07-30
12074,6021,Transfer,50000,2026-07-30
12075,5382,Deposit,78000,2026-07-30
12076,6181,Transfer,80500,2026-07-30
12077,6347,Withdrawal,34000,2026-07-30
12078,5383,Deposit,13000,2026-07-30
12079,5842,Withdrawal,43000,2026-07-30
12080,5206,Withdrawal,34500,2026-07-30
12081,5836,Transfer,40000,2026-07-30
12082,5974,Deposit,18000,2026-07-30
12083,5597,Deposit,20000,2026-07-30
12084,5174,Deposit,23000,2026-07-30
12085,6470,Transfer,6000,2026-07-30
12086,5345,Withdrawal,12000,2026-07-30
12087,5234,Withdrawal,82000,2026-07-30
12088,5877,Transfer,59000,2026-07-30
12089,5824,Deposit,19500,2026-07-30
12090,5923,Deposit,82500,2026-07-30
12091,5903,Deposit,51500,2026-07-30
12092,6012,Deposit,55500,2026-07-30
12093,6471,Transfer,65000,2026-07-30
12094,5684,Withdrawal,53500,2026-07-30
12095,6340,Deposit,37500,2026-07-30
12096,5292,Deposit,92000,2026-07-30
12097,5786,Transfer,73000,2026-07-30
12098,6236,Deposit,62500,2026-07-30
12099,5155,Transfer,32000,2026-07-30
12100,5466,Withdrawal,34000,2026-07-30
12101,5954,Withdrawal,63000,2026-07-30
12102,6382,Transfer,26000,2026-07-30
12103,5614,Deposit,33000,2026-07-30
12104,6286,Transfer,51000,2026-07-30
12105,6137,Withdrawal,61000,2026-07-30
12106,6274,Withdrawal,11000,2026-07-30
12107,5695,Deposit,71000,2026-07-30
12108,6003,Withdrawal,82500,2026-07-30
12109,5726,Transfer,16000,2026-07-30
12110,5130,Deposit,73500,2026-07-30
12111,5461,Deposit,36000,2026-07-30
12112,6208,Withdrawal,53500,2026-07-30
12113,5642,Withdrawal,39500,2026-07-30
12114,6142,Deposit,59000,2026-07-30
12115,5896,Transfer,73000,2026-07-30
12116,6145,Withdrawal,13500,2026-07-30
12117,6382,Transfer,37500,2026-07-30
12118,5175,Deposit,59000,2026-07-30
12119,5475,Transfer,70000,2026-07-30
12120,5620,Deposit,81500,2026-07-30
12121,5932,Transfer,43000,2026-07-30
12122,5593,Deposit,84000,2026-07-30
12123,5348,Deposit,95000,2026-07-30
12124,5993,Transfer,80500,2026-07-30
12125,6353,Withdrawal,52500,2026-07-30
12126,6464,Withdrawal,46500,2026-07-30
12127,5785,Transfer,87500,2026-07-30
12128,6102,Transfer,91500,2026-07-30
12129,5893,Withdrawal,27500,2026-07-30
12130,5756,Transfer,87500,2026-07-30
12131,6090,Deposit,94000,2026-07-30
12132,5062,Transfer,60000,2026-07-30
12133,6190,Withdrawal,4000,2026-07-30
12134,6405,Withdrawal,55500,2026-07-30
12135,6118,Withdrawal,72000,2026-07-30
12136,5030,Deposit,47500,2026-07-30
12137,5266,Deposit,2500,2026-07-30
12138,5628,Withdrawal,36500,2026-07-30
12139,6253,Deposit,79500,2026-07-30
12140,5591,Withdrawal,14000,2026-07-30
12141,5736,Transfer,9500,2026-07-30
12142,5639,Withdrawal,94500,2026-07-30
12143,5403,Transfer,92500,2026-07-30
12144,5261,Transfer,21000,2026-07-30
12145,5894,Deposit,63500,2026-07-30
12146,5817,Deposit,11000,2026-07-30
12147,6149,Transfer,61500,2026-07-30
12148,6164,Withdrawal,70000,2026-07-30
12149,6241,Withdrawal,39500,2026-07-30
12150,5376,Deposit,58500,2026-07-30
12151,6404,Transfer,52000,2026-07-30
12152,6245,Transfer,88500,2026-07-30
12153,5451,Transfer,66500,2026-07-30
12154,5348,Withdrawal,45000,2026-07-30
12155,5937,Withdrawal,74000,2026-07-30
12156,6135,Withdrawal,95000,2026-07-30
12157,5032,Transfer,87000,2026-07-30
12158,5881,Withdrawal,79500,2026-07-30
12159,6034,Withdrawal,75000,2026-07-30
12160,5212,Withdrawal,47000,2026-07-30
12161,5893,Withdrawal,93000,2026-07-30
12162,5375,Withdrawal,17500,2026-07-30
12163,6348,Transfer,3000,2026-07-30
12164,6387,Withdrawal,73000,2026-07-30
12165,5266,Transfer,8500,2026-07-30
12166,5585,Withdrawal,39000,2026-07-30
12167,5889,Withdrawal,100000,2026-07-30
12168,5035,Transfer,33000,2026-07-30
12169,5468,Transfer,70000,2026-07-30
12170,5253,Deposit,48500,2026-07-30
12171,6259,Deposit,70000,2026-07-30
12172,5808,Transfer,40000,2026-07-30
12173,5104,Withdrawal,27500,2026-07-30
12174,5202,Deposit,60000,2026-07-30
12175,6183,Deposit,26500,2026-07-30
12176,6246,Transfer,91000,2026-07-30
12177,6009,Withdrawal,26500,2026-07-30
12178,6247,Transfer,94000,2026-07-30
12179,5717,Transfer,38500,2026-07-30
12180,5526,Deposit,57000,2026-07-30
12181,6086,Withdrawal,71500,2026-07-30
12182,5071,Withdrawal,74500,2026-07-30
12183,6490,Deposit,88000,2026-07-30
12184,5540,Transfer,67500,2026-07-30
12185,6299,Deposit,22500,2026-07-30
12186,5800,Withdrawal,56000,2026-07-30
12187,5509,Deposit,86500,2026-07-30
12188,5145,Withdrawal,20000,2026-07-30
12189,5522,Deposit,70000,2026-07-30
12190,5014,Withdrawal,36000,2026-07-30
12191,6107,Withdrawal,88500,2026-07-30
12192,5861,Deposit,81500,2026-07-30
12193,5134,Withdrawal,38000,2026-07-30
12194,5079,Withdrawal,41000,2026-07-30
12195,5618,Transfer,6500,2026-07-30
12196,5085,Transfer,54000,2026-07-30
12197,5606,Transfer,33500,2026-07-30
12198,5455,Withdrawal,33500,2026-07-30
12199,6133,Deposit,32000,2026-07-30
12200,5929,Withdrawal,30500,2026-07-30
12201,5849,Deposit,65000,2026-07-30
12202,5809,Transfer,45000,2026-07-30
12203,5543,Transfer,78500,2026-07-30
12204,5784,Transfer,82000,2026-07-30
12205,5465,Deposit,48000,2026-07-30
12206,5798,Withdrawal,83000,2026-07-30
12207,5473,Withdrawal,90500,2026-07-30
12208,5466,Transfer,5000,2026-07-30
12209,6133,Deposit,58500,2026-07-30
12210,5715,Transfer,15000,2026-07-30
12211,5322,Transfer,36000,2026-07-30
12212,6436,Withdrawal,28000,2026-07-30
12213,5903,Transfer,70500,2026-07-30
12214,6064,Deposit,33500,2026-07-30
12215,6349,Withdrawal,100000,2026-07-30
12216,5669,Deposit,77500,2026-07-30
12217,5964,Deposit,71000,2026-07-30
12218,5314,Deposit,31500,2026-07-30
12219,5760,Transfer,38500,2026-07-30
12220,5465,Transfer,48000,2026-07-30
12221,5530,Withdrawal,75000,2026-07-30
12222,5220,Transfer,77000,2026-07-30
12223,5177,Deposit,29000,2026-07-30
12224,5726,Withdrawal,71000,2026-07-30
12225,5977,Transfer,20500,2026-07-30
12226,6148,Deposit,84000,2026-07-30
12227,5628,Deposit,77500,2026-07-30
12228,5694,Withdrawal,83000,2026-07-30
12229,5753,Withdrawal,49500,2026-07-30
12230,5850,Transfer,8500,2026-07-30
12231,5622,Deposit,1500,2026-07-30
12232,5371,Deposit,93500,2026-07-30
12233,5606,Deposit,23500,2026-07-30
12234,6358,Transfer,7000,2026-07-30
12235,5700,Withdrawal,30500,2026-07-30
12236,6481,Transfer,72500,2026-07-30
12237,6103,Transfer,7000,2026-07-30
12238,6445,Deposit,15000,2026-07-30
12239,5378,Transfer,80500,2026-07-30
12240,5510,Withdrawal,80500,2026-07-30
12241,6311,Deposit,93000,2026-07-30
12242,5593,Deposit,62500,2026-07-30
12243,5327,Withdrawal,41000,2026-07-30
12244,5610,Deposit,60500,2026-07-30
12245,6457,Transfer,48500,2026-07-30
12246,5415,Withdrawal,53000,2026-07-30
12247,5538,Transfer,60000,2026-07-30
12248,5308,Transfer,52000,2026-07-30
12249,5740,Withdrawal,37500,2026-07-30
12250,5340,Transfer,16000,2026-07-30
12251,5845,Deposit,59000,2026-07-30
12252,5574,Deposit,94000,2026-07-30
12253,6133,Transfer,36500,2026-07-30
12254,6035,Deposit,98500,2026-07-30
12255,5788,Withdrawal,62000,2026-07-30
12256,6475,Transfer,48500,2026-07-30
12257,6357,Deposit,59000,2026-07-30
12258,5519,Deposit,83500,2026-07-30
12259,5924,Transfer,72500,2026-07-30
12260,5553,Transfer,4500,2026-07-30
12261,5529,Transfer,84500,2026-07-30
12262,5132,Withdrawal,96500,2026-07-30
12263,5423,Transfer,1000,2026-07-30
12264,6008,Deposit,62000,2026-07-30
12265,5125,Transfer,44500,2026-07-30
12266,6252,Transfer,5500,2026-07-30
12267,5830,Transfer,77000,2026-07-30
12268,5177,Deposit,30000,2026-07-30
12269,5633,Deposit,38000,2026-07-30
12270,5759,Withdrawal,82000,2026-07-30
12271,5534,Withdrawal,53000,2026-07-30
12272,5692,Transfer,44000,2026-07-30
12273,6427,Deposit,75000,2026-07-30
12274,5685,Withdrawal,30500,2026-07-30
12275,6266,Withdrawal,62000,2026-07-30
12276,5438,Deposit,72500,2026-07-30
12277,5052,Transfer,5000,2026-07-30
12278,6035,Transfer,97000,2026-07-30
12279,5665,Deposit,63000,2026-07-30
12280,6032,Deposit,73500,2026-07-30
12281,5845,Withdrawal,84000,2026-07-30
12282,5948,Transfer,30500,2026-07-30
12283,5643,Withdrawal,72500,2026-07-30
12284,6127,Deposit,92000,2026-07-30
12285,5115,Deposit,88000,2026-07-30
12286,6045,Deposit,52000,2026-07-30
12287,5838,Withdrawal,55500,2026-07-30
12288,6262,Deposit,1500,2026-07-30
12289,5856,Withdrawal,34000,2026-07-30
12290,5456,Withdrawal,81500,2026-07-30
12291,5189,Deposit,45000,2026-07-30
12292,6498,Withdrawal,86500,2026-07-30
12293,5716,Withdrawal,12500,2026-07-30
12294,5255,Withdrawal,16500,2026-07-30
12295,5705,Deposit,38500,2026-07-30
12296,5780,Transfer,82500,2026-07-30
12297,5707,Withdrawal,79500,2026-07-30
12298,5587,Deposit,37500,2026-07-30
12299,6219,Deposit,42000,2026-07-30
12300,5024,Withdrawal,47000,2026-07-30
12301,5372,Transfer,22000,2026-07-30
12302,5812,Withdrawal,23000,2026-07-30
12303,5927,Withdrawal,91000,2026-07-30
12304,5613,Transfer,2000,2026-07-30
12305,5815,Withdrawal,46500,2026-07-30
12306,5445,Transfer,75000,2026-07-30
12307,6410,Transfer,92500,2026-07-30
12308,6092,Deposit,46500,2026-07-30
12309,5243,Withdrawal,51500,2026-07-30
12310,5401,Transfer,2000,2026-07-30
12311,6013,Transfer,59000,2026-07-30
12312,5651,Deposit,17000,2026-07-30
12313,6101,Deposit,89000,2026-07-30
12314,5791,Transfer,27500,2026-07-30
12315,5960,Deposit,47500,2026-07-30
12316,5443,Transfer,60500,2026-07-30
12317,5450,Withdrawal,74500,2026-07-30
12318,5042,Transfer,12000,2026-07-30
12319,5679,Withdrawal,74500,2026-07-30
12320,5853,Withdrawal,30500,2026-07-30
12321,5449,Deposit,32500,2026-07-30
12322,5662,Deposit,66000,2026-07-30
12323,6002,Transfer,38000,2026-07-30
12324,5199,Withdrawal,71000,2026-07-30
12325,6400,Transfer,16000,2026-07-30
12326,5448,Transfer,28500,2026-07-30
12327,6072,Deposit,41000,2026-07-30
12328,6023,Deposit,94000,2026-07-30
12329,6489,Withdrawal,80000,2026-07-30
12330,5990,Withdrawal,53500,2026-07-30
12331,6290,Withdrawal,3500,2026-07-30
12332,5337,Deposit,63500,2026-07-30
12333,6479,Deposit,32500,2026-07-30
12334,6403,Deposit,62500,2026-07-30
12335,5750,Transfer,62500,2026-07-30
12336,6461,Deposit,61500,2026-07-30
12337,6343,Deposit,27500,2026-07-30
12338,6192,Withdrawal,61000,2026-07-30
12339,6422,Withdrawal,95000,2026-07-30
12340,5778,Deposit,68500,2026-07-30
12341,5902,Withdrawal,96000,2026-07-30
12342,6172,Deposit,91500,2026-07-30
12343,5603,Withdrawal,38500,2026-07-30
12344,5423,Transfer,58000,2026-07-30
12345,5323,Deposit,7000,2026-07-30
12346,5070,Deposit,53500,2026-07-30
12347,5602,Deposit,79500,2026-07-30
12348,6292,Withdrawal,31500,2026-07-30
12349,6413,Deposit,33000,2026-07-30
12350,5998,Deposit,54000,2026-07-30
12351,5842,Transfer,100000,2026-07-30
12352,5855,Withdrawal,79500,2026-07-30
12353,6078,Deposit,42500,2026-07-30
12354,5299,Transfer,70500,2026-07-30
12355,6326,Transfer,77500,2026-07-30
12356,5281,Deposit,35000,2026-07-30
12357,6494,Transfer,38500,2026-07-30
12358,5772,Deposit,59000,2026-07-30
12359,5349,Withdrawal,14500,2026-07-30
12360,6096,Transfer,38500,2026-07-30
12361,5212,Withdrawal,3500,2026-07-30
12362,6411,Withdrawal,77500,2026-07-30
12363,6287,Withdrawal,22500,2026-07-30
12364,5588,Withdrawal,76000,2026-07-30
12365,6430,Withdrawal,31500,2026-07-30
12366,6267,Deposit,81000,2026-07-30
12367,5615,Transfer,52000,2026-07-30
12368,5679,Deposit,56000,2026-07-30
12369,6158,Transfer,97500,2026-07-30
12370,5870,Withdrawal,10000,2026-07-30
12371,5197,Withdrawal,65000,2026-07-30
12372,5385,Deposit,25000,2026-07-30
12373,5717,Transfer,41000,2026-07-30
12374,5709,Withdrawal,45500,2026-07-30
12375,5525,Transfer,58500,2026-07-30
12376,5539,Withdrawal,64000,2026-07-30
12377,5285,Deposit,47500,2026-07-30
12378,5526,Transfer,97500,2026-07-30
12379,6158,Transfer,40500,2026-07-30
12380,6464,Withdrawal,79000,2026-07-30
12381,5421,Deposit,88000,2026-07-30
12382,5110,Deposit,31500,2026-07-30
12383,5212,Withdrawal,84000,2026-07-30
12384,5270,Transfer,97500,2026-07-30
12385,6271,Deposit,55000,2026-07-30
12386,6348,Transfer,1500,2026-07-30
12387,6384,Transfer,21500,2026-07-30
12388,5946,Transfer,63500,2026-07-30
12389,6471,Withdrawal,47000,2026-07-30
12390,5211,Deposit,59500,2026-07-30
12391,5149,Transfer,72000,2026-07-30
12392,6018,Deposit,31500,2026-07-30
12393,5631,Withdrawal,19500,2026-07-30
12394,5265,Transfer,17500,2026-07-30
12395,5225,Withdrawal,5000,2026-07-30
12396,6213,Withdrawal,61500,2026-07-30
12397,6037,Deposit,96500,2026-07-30
12398,5758,Transfer,50500,2026-07-30
12399,5981,Withdrawal,18000,2026-07-30
12400,6472,Withdrawal,31500,2026-07-30
12401,5214,Withdrawal,3000,2026-07-30
12402,5603,Deposit,99500,2026-07-30
12403,6315,Transfer,54500,2026-07-30
12404,5745,Transfer,28500,2026-07-30
12405,5815,Withdrawal,52500,2026-07-30
12406,5717,Withdrawal,41500,2026-07-30
12407,5410,Deposit,83000,2026-07-30
12408,6465,Withdrawal,88000,2026-07-30
12409,5838,Transfer,58000,2026-07-30
12410,5850,Transfer,57500,2026-07-30
12411,6414,Withdrawal,54500,2026-07-30
12412,5647,Deposit,77000,2026-07-30
12413,5683,Deposit,16000,2026-07-30
12414,6221,Deposit,32000,2026-07-30
12415,5531,Deposit,64500,2026-07-30
12416,6314,Transfer,11000,2026-07-30
12417,5048,Withdrawal,50500,2026-07-30
12418,5710,Transfer,10000,2026-07-30
12419,6405,Deposit,77000,2026-07-30
12420,6095,Transfer,23000,2026-07-30
12421,6019,Deposit,86000,2026-07-30
12422,5661,Transfer,23000,2026-07-30
12423,6382,Transfer,50000,2026-07-30
12424,5200,Transfer,43500,2026-07-30
12425,5620,Deposit,88000,2026-07-30
12426,5694,Withdrawal,50000,2026-07-30
12427,5132,Transfer,4000,2026-07-30
12428,5447,Withdrawal,65500,2026-07-30
12429,6340,Transfer,11000,2026-07-30
12430,5834,Transfer,82000,2026-07-30
12431,6289,Deposit,39500,2026-07-30
12432,5781,Withdrawal,3500,2026-07-30
12433,5162,Transfer,38500,2026-07-30
12434,5789,Deposit,83500,2026-07-30
12435,6305,Withdrawal,56000,2026-07-30
12436,5551,Withdrawal,35000,2026-07-30
12437,5083,Transfer,45000,2026-07-30
12438,6024,Withdrawal,11000,2026-07-30
12439,5885,Transfer,94500,2026-07-30
12440,6275,Deposit,86000,2026-07-30
12441,5090,Transfer,63500,2026-07-30
12442,5510,Deposit,49500,2026-07-30
12443,5131,Transfer,94000,2026-07-30
12444,6026,Transfer,34000,2026-07-30
12445,6232,Transfer,44500,2026-07-30
12446,6001,Withdrawal,86000,2026-07-30
12447,5954,Deposit,60000,2026-07-30
12448,5645,Transfer,73500,2026-07-30
12449,5596,Withdrawal,80000,2026-07-30
12450,5596,Withdrawal,22500,2026-07-30
12451,5398,Withdrawal,47000,2026-07-30
12452,5797,Transfer,58500,2026-07-30
12453,5443,Deposit,38000,2026-07-30
12454,5154,Transfer,98500,2026-07-30
12455,6482,Deposit,28000,2026-07-30
12456,5188,Withdrawal,17000,2026-07-30
12457,6033,Deposit,5000,2026-07-30
12458,5403,Withdrawal,79500,2026-07-30
12459,5811,Deposit,15000,2026-07-30
12460,6494,Withdrawal,72000,2026-07-30
12461,5945,Transfer,46500,2026-07-30
12462,5166,Withdrawal,11500,2026-07-30
12463,5298,Withdrawal,77000,2026-07-30
12464,5586,Deposit,40500,2026-07-30
12465,5080,Transfer,40500,2026-07-30
12466,5538,Withdrawal,97500,2026-07-30
12467,6065,Withdrawal,35500,2026-07-30
12468,5631,Deposit,32000,2026-07-30
12469,5704,Withdrawal,47500,2026-07-30
12470,5364,Transfer,91000,2026-07-30
12471,5750,Transfer,38500,2026-07-30
12472,5003,Withdrawal,20000,2026-07-30
12473,5572,Withdrawal,23500,2026-07-30
12474,6250,Withdrawal,100000,2026-07-30
12475,6212,Deposit,70500,2026-07-30
12476,5600,Deposit,33000,2026-07-30
12477,6343,Transfer,44000,2026-07-30
12478,6178,Deposit,17000,2026-07-30
12479,5188,Deposit,69000,2026-07-30
12480,6186,Transfer,11500,2026-07-30
12481,5802,Transfer,64500,2026-07-30
12482,5609,Withdrawal,25000,2026-07-30
12483,5246,Withdrawal,34500,2026-07-30
12484,6137,Withdrawal,11000,2026-07-30
12485,5227,Withdrawal,9500,2026-07-30
12486,5843,Withdrawal,3500,2026-07-30
12487,6154,Transfer,60500,2026-07-30
12488,6245,Transfer,26000,2026-07-30
12489,5367,Transfer,39500,2026-07-30
12490,5017,Withdrawal,34000,2026-07-30
12491,5865,Transfer,21000,2026-07-30
12492,5731,Deposit,12500,2026-07-30
12493,6393,Withdrawal,22000,2026-07-30
12494,5762,Deposit,78000,2026-07-30
12495,5559,Withdrawal,9000,2026-07-30
12496,6403,Deposit,72500,2026-07-30
12497,5131,Deposit,97500,2026-07-30
12498,5578,Transfer,27500,2026-07-30
12499,6054,Transfer,48000,2026-07-30
12500,5866,Deposit,39500,2026-07-30
12501,5965,Deposit,87500,2026-07-30
12502,5429,Withdrawal,20000,2026-07-30
12503,6476,Withdrawal,35000,2026-07-30
12504,6461,Transfer,21000,2026-07-30
12505,5888,Withdrawal,40500,2026-07-30
12506,5128,Deposit,92500,2026-07-30
12507,6043,Deposit,97000,2026-07-30
12508,5396,Withdrawal,82500,2026-07-30
12509,5779,Transfer,98000,2026-07-30
12510,5785,Withdrawal,96500,2026-07-30
12511,5105,Transfer,28500,2026-07-30
12512,5667,Withdrawal,35500,2026-07-30
12513,6093,Transfer,13000,2026-07-30
12514,5428,Withdrawal,20500,2026-07-30
12515,5045,Transfer,64000,2026-07-30
12516,5577,Withdrawal,2500,2026-07-30
12517,5707,Withdrawal,8500,2026-07-30
12518,5024,Withdrawal,3500,2026-07-30
12519,5708,Deposit,87500,2026-07-30
12520,6130,Withdrawal,46500,2026-07-30
12521,5760,Withdrawal,39500,2026-07-30
12522,5806,Deposit,76500,2026-07-30
12523,5448,Withdrawal,19500,2026-07-30
12524,6095,Deposit,95000,2026-07-30
12525,6490,Deposit,76500,2026-07-30
12526,6198,Deposit,55000,2026-07-30
12527,6257,Withdrawal,3000,2026-07-30
12528,6493,Withdrawal,9500,2026-07-30
12529,5061,Withdrawal,58000,2026-07-30
12530,6062,Deposit,70000,2026-07-30
12531,5790,Deposit,33500,2026-07-30
12532,6149,Withdrawal,42000,2026-07-30
12533,5422,Deposit,14500,2026-07-30
12534,6109,Transfer,7000,2026-07-30
12535,6458,Deposit,98500,2026-07-30
12536,5304,Deposit,88500,2026-07-30
12537,6302,Transfer,38000,2026-07-30
12538,5195,Transfer,80000,2026-07-30
12539,5181,Transfer,28500,2026-07-30
12540,5157,Withdrawal,82000,2026-07-30
12541,5985,Deposit,82500,2026-07-30
12542,5926,Withdrawal,86500,2026-07-30
12543,5215,Transfer,10000,2026-07-30
12544,6000,Deposit,63000,2026-07-30
12545,5811,Deposit,96500,2026-07-30
12546,5911,Transfer,44000,2026-07-30
12547,5553,Deposit,56000,2026-07-30
12548,5168,Transfer,96500,2026-07-30
12549,5494,Transfer,72000,2026-07-30
12550,6318,Transfer,7500,2026-07-30
12551,5410,Withdrawal,72500,2026-07-30
12552,5537,Deposit,29500,2026-07-30
12553,5831,Deposit,60000,2026-07-30
12554,5821,Withdrawal,1000,2026-07-30
12555,5621,Transfer,44000,2026-07-30
12556,6064,Withdrawal,57500,2026-07-30
12557,5288,Deposit,82500,2026-07-30
12558,5945,Deposit,94500,2026-07-30
12559,5695,Deposit,5500,2026-07-30
12560,5281,Deposit,33000,2026-07-30
12561,5664,Deposit,26500,2026-07-30
12562,6389,Deposit,1000,2026-07-30
12563,5310,Withdrawal,28000,2026-07-30
12564,5280,Deposit,75000,2026-07-30
12565,5964,Deposit,36000,2026-07-30
12566,5834,Withdrawal,15000,2026-07-30
12567,6061,Deposit,7000,2026-07-30
12568,6018,Transfer,17500,2026-07-30
12569,5887,Deposit,1500,2026-07-30
12570,5228,Deposit,95500,2026-07-30
12571,5065,Transfer,25500,2026-07-30
12572,6118,Withdrawal,80500,2026-07-30
12573,5013,Deposit,19500,2026-07-30
12574,6139,Withdrawal,47500,2026-07-30
12575,5362,Transfer,29000,2026-07-30
12576,6210,Transfer,51500,2026-07-30
12577,6352,Deposit,61000,2026-07-30
12578,5713,Transfer,61500,2026-07-30
12579,6384,Transfer,12000,2026-07-30
12580,6135,Withdrawal,56000,2026-07-30
12581,6384,Transfer,67000,2026-07-30
12582,5991,Withdrawal,73000,2026-07-30
12583,5966,Deposit,97500,2026-07-30
12584,5556,Transfer,6500,2026-07-30
12585,5592,Withdrawal,48000,2026-07-30
12586,6037,Withdrawal,60000,2026-07-30
12587,5148,Deposit,63500,2026-07-30
12588,5111,Withdrawal,35000,2026-07-30
12589,5059,Deposit,61000,2026-07-30
12590,5151,Withdrawal,66500,2026-07-30
12591,5396,Transfer,28500,2026-07-30
12592,5909,Transfer,46000,2026-07-30
12593,6070,Transfer,57000,2026-07-30
12594,6299,Withdrawal,31000,2026-07-30
12595,5288,Deposit,16000,2026-07-30
12596,5035,Deposit,20000,2026-07-30
12597,6484,Deposit,66500,2026-07-30
12598,5861,Deposit,53500,2026-07-30
12599,6471,Withdrawal,82500,2026-07-30
12600,5110,Deposit,34500,2026-07-30
12601,5866,Withdrawal,18500,2026-07-30
12602,5753,Withdrawal,65500,2026-07-30
12603,5567,Transfer,24500,2026-07-30
12604,5782,Transfer,80500,2026-07-30
12605,5331,Deposit,14000,2026-07-30
12606,5294,Deposit,58000,2026-07-30
12607,5844,Withdrawal,47000,2026-07-30
12608,5510,Transfer,31500,2026-07-30
12609,5269,Deposit,83500,2026-07-30
12610,5128,Transfer,45000,2026-07-30
12611,5420,Withdrawal,72000,2026-07-30
12612,5261,Transfer,66500,2026-07-30
12613,6428,Transfer,60500,2026-07-30
12614,6096,Transfer,23000,2026-07-30
12615,5311,Withdrawal,74000,2026-07-30
12616,6327,Transfer,73500,2026-07-30
12617,5328,Deposit,60500,2026-07-30
12618,5540,Transfer,93000,2026-07-30
12619,5591,Withdrawal,11500,2026-07-30
12620,6111,Deposit,22000,2026-07-30
12621,5586,Transfer,72500,2026-07-30
12622,6037,Withdrawal,49000,2026-07-30
12623,5980,Withdrawal,63000,2026-07-30
12624,6494,Deposit,98000,2026-07-30
12625,6183,Withdrawal,57500,2026-07-30
12626,6409,Deposit,19000,2026-07-30
12627,5265,Withdrawal,60000,2026-07-30
12628,5044,Transfer,95500,2026-07-30
12629,5846,Deposit,21500,2026-07-30
12630,6071,Withdrawal,51500,2026-07-30
12631,6435,Transfer,25500,2026-07-30
12632,5268,Transfer,55000,2026-07-30
12633,5937,Deposit,90500,2026-07-30
12634,5759,Deposit,1000,2026-07-30
12635,6415,Withdrawal,94000,2026-07-30
12636,6227,Deposit,48000,2026-07-30
12637,6495,Withdrawal,57000,2026-07-30
12638,5418,Deposit,78000,2026-07-30
12639,5539,Deposit,87000,2026-07-30
12640,5522,Withdrawal,90000,2026-07-30
12641,5417,Withdrawal,49000,2026-07-30
12642,5902,Deposit,40500,2026-07-30
12643,6459,Transfer,25500,2026-07-30
12644,5910,Deposit,91500,2026-07-30
12645,5034,Withdrawal,31000,2026-07-30
12646,5359,Withdrawal,52000,2026-07-30
12647,6143,Withdrawal,82500,2026-07-30
12648,5301,Deposit,39500,2026-07-30
12649,5428,Deposit,68000,2026-07-30
12650,6113,Transfer,95500,2026-07-30
12651,5845,Withdrawal,21000,2026-07-30
12652,5450,Withdrawal,74000,2026-07-30
12653,6269,Deposit,46000,2026-07-30
12654,5850,Transfer,80500,2026-07-30
12655,6472,Deposit,71500,2026-07-30
12656,6062,Withdrawal,37000,2026-07-30
12657,6125,Withdrawal,60500,2026-07-30
12658,5675,Withdrawal,14500,2026-07-30
12659,5963,Withdrawal,23500,2026-07-30
12660,5221,Transfer,77500,2026-07-30
12661,6278,Deposit,46500,2026-07-30
12662,5388,Transfer,68000,2026-07-30
12663,6152,Deposit,58000,2026-07-30
12664,5235,Transfer,28000,2026-07-30
12665,6354,Withdrawal,38500,2026-07-30
12666,5754,Transfer,89500,2026-07-30
12667,5582,Deposit,17000,2026-07-30
12668,5900,Withdrawal,7500,2026-07-30
12669,6344,Withdrawal,96500,2026-07-30
12670,6126,Deposit,7000,2026-07-30
12671,6217,Deposit,100000,2026-07-30
12672,6200,Transfer,61000,2026-07-30
12673,5660,Transfer,3500,2026-07-30
12674,5728,Deposit,25000,2026-07-30
12675,5477,Transfer,500,2026-07-30
12676,6085,Transfer,72000,2026-07-30
12677,5538,Withdrawal,67000,2026-07-30
12678,5634,Deposit,500,2026-07-30
12679,5858,Deposit,62500,2026-07-30
12680,5940,Withdrawal,9500,2026-07-30
12681,5837,Transfer,48000,2026-07-30
12682,5546,Withdrawal,3000,2026-07-30
12683,6431,Transfer,37000,2026-07-30
12684,5286,Withdrawal,85000,2026-07-30
12685,5942,Transfer,31000,2026-07-30
12686,6152,Deposit,61500,2026-07-30
12687,5031,Deposit,16500,2026-07-30
12688,5159,Deposit,41500,2026-07-30
12689,5149,Deposit,3000,2026-07-30
12690,5567,Deposit,23000,2026-07-30
12691,5743,Withdrawal,62500,2026-07-30
12692,5322,Deposit,16500,2026-07-30
12693,6142,Withdrawal,44500,2026-07-30
12694,5757,Withdrawal,92000,2026-07-30
12695,6369,Transfer,37000,2026-07-30
12696,6330,Deposit,76500,2026-07-30
12697,5074,Withdrawal,25000,2026-07-30
12698,5021,Deposit,36500,2026-07-30
12699,5171,Withdrawal,21500,2026-07-30
12700,6038,Withdrawal,3500,2026-07-30
12701,5094,Withdrawal,59000,2026-07-30
12702,5083,Transfer,32000,2026-07-30
12703,5184,Withdrawal,37500,2026-07-30
12704,6047,Withdrawal,27000,2026-07-30
12705,5844,Transfer,22000,2026-07-30
12706,6239,Deposit,20000,2026-07-30
12707,5285,Transfer,63000,2026-07-30
12708,6235,Deposit,98500,2026-07-30
12709,5339,Transfer,41500,2026-07-30
12710,6364,Deposit,18500,2026-07-30
12711,5118,Transfer,70000,2026-07-30
12712,5821,Withdrawal,19500,2026-07-30
12713,6404,Transfer,5500,2026-07-30
12714,5940,Transfer,24000,2026-07-30
12715,5121,Deposit,43000,2026-07-30
12716,5824,Deposit,23000,2026-07-30
12717,6396,Deposit,2000,2026-07-30
12718,5291,Transfer,99000,2026-07-30
12719,6161,Withdrawal,15000,2026-07-30
12720,5046,Withdrawal,8500,2026-07-30
12721,5124,Deposit,9500,2026-07-30
12722,5878,Withdrawal,3000,2026-07-30
12723,5578,Withdrawal,50000,2026-07-30
12724,5908,Deposit,26000,2026-07-30
12725,5848,Deposit,16000,2026-07-30
12726,5261,Withdrawal,76500,2026-07-30
12727,5502,Deposit,7500,2026-07-30
12728,5418,Transfer,34500,2026-07-30
12729,6456,Transfer,67500,2026-07-30
12730,5922,Deposit,46500,2026-07-30
12731,5972,Transfer,76000,2026-07-30
12732,5682,Withdrawal,46000,2026-07-30
12733,5782,Withdrawal,55500,2026-07-30
12734,6358,Withdrawal,9500,2026-07-30
12735,6233,Deposit,51500,2026-07-30
12736,5569,Withdrawal,94500,2026-07-30
12737,5950,Transfer,7500,2026-07-30
12738,5073,Withdrawal,18000,2026-07-30
12739,5302,Transfer,79500,2026-07-30
12740,5794,Deposit,36500,2026-07-30
12741,5751,Deposit,61500,2026-07-30
12742,5595,Withdrawal,49500,2026-07-30
12743,5852,Withdrawal,37000,2026-07-30
12744,5340,Transfer,58500,2026-07-30
12745,5160,Transfer,40000,2026-07-30
12746,6124,Withdrawal,9500,2026-07-30
12747,6321,Deposit,85500,2026-07-30
12748,5139,Withdrawal,2000,2026-07-30
12749,6464,Transfer,65500,2026-07-30
12750,6281,Withdrawal,21500,2026-07-30
12751,5393,Deposit,8500,2026-07-30
12752,6198,Deposit,21500,2026-07-30
12753,5950,Deposit,65000,2026-07-30
12754,5698,Deposit,10000,2026-07-30
12755,6396,Deposit,74000,2026-07-30
12756,5773,Deposit,21500,2026-07-30
12757,5252,Deposit,81000,2026-07-30
12758,6330,Withdrawal,500,2026-07-30
12759,6389,Deposit,73000,2026-07-30
12760,5841,Withdrawal,98000,2026-07-30
12761,5562,Deposit,11000,2026-07-30
12762,5303,Withdrawal,7500,2026-07-30
12763,6257,Deposit,36000,2026-07-30
12764,5228,Deposit,29500,2026-07-30
12765,5861,Transfer,26500,2026-07-30
12766,6278,Deposit,3000,2026-07-30
12767,5673,Transfer,69500,2026-07-30
12768,5154,Withdrawal,55500,2026-07-30
12769,5592,Withdrawal,40000,2026-07-30
12770,6490,Deposit,1500,2026-07-30
12771,5468,Withdrawal,16500,2026-07-30
12772,5131,Transfer,66500,2026-07-30
12773,5296,Deposit,64000,2026-07-30
12774,5128,Deposit,1500,2026-07-30
12775,5673,Withdrawal,79500,2026-07-30
12776,5557,Transfer,48500,2026-07-30
12777,5628,Transfer,20500,2026-07-30
12778,6110,Transfer,98500,2026-07-30
12779,5569,Withdrawal,76000,2026-07-30
12780,5379,Transfer,88000,2026-07-30
12781,5798,Deposit,67500,2026-07-30
12782,6127,Withdrawal,20500,2026-07-30
12783,5781,Transfer,18500,2026-07-30
12784,5109,Transfer,54500,2026-07-30
12785,5675,Transfer,60500,2026-07-30
12786,5567,Deposit,53000,2026-07-30
12787,5928,Deposit,63500,2026-07-30
12788,5222,Transfer,95500,2026-07-30
12789,5058,Deposit,74500,2026-07-30
12790,5748,Deposit,80500,2026-07-30
12791,5815,Deposit,97500,2026-07-30
12792,5765,Transfer,18500,2026-07-30
12793,6300,Withdrawal,75000,2026-07-30
12794,5134,Deposit,8000,2026-07-30
12795,5772,Withdrawal,76000,2026-07-30
12796,5883,Deposit,77500,2026-07-30
12797,5824,Withdrawal,60000,2026-07-30
12798,5495,Transfer,35500,2026-07-30
12799,5104,Withdrawal,74500,2026-07-30
12800,5680,Transfer,38000,2026-07-30
12801,5520,Deposit,99000,2026-07-30
12802,5788,Withdrawal,62000,2026-07-30
12803,6084,Deposit,80500,2026-07-30
12804,6291,Withdrawal,47500,2026-07-30
12805,5400,Deposit,18500,2026-07-30
12806,6227,Deposit,68500,2026-07-30
12807,5140,Withdrawal,10000,2026-07-30
12808,6041,Withdrawal,93000,2026-07-30
12809,6382,Withdrawal,13000,2026-07-30
12810,6294,Withdrawal,63000,2026-07-30
12811,5346,Withdrawal,35500,2026-07-30
12812,6380,Withdrawal,19000,2026-07-30
12813,5669,Withdrawal,43500,2026-07-30
12814,5437,Deposit,72500,2026-07-30
12815,5913,Deposit,87500,2026-07-30
12816,5960,Transfer,73000,2026-07-30
12817,5765,Withdrawal,31000,2026-07-30
12818,6428,Deposit,31500,2026-07-30
12819,5797,Transfer,36000,2026-07-30
12820,5502,Transfer,57000,2026-07-30
12821,5921,Transfer,43000,2026-07-30
12822,5353,Withdrawal,70000,2026-07-30
12823,5852,Transfer,84000,2026-07-30
12824,5335,Withdrawal,45000,2026-07-30
12825,6111,Withdrawal,21500,2026-07-30
12826,6122,Withdrawal,98000,2026-07-30
12827,5579,Deposit,21500,2026-07-30
12828,5353,Transfer,1000,2026-07-30
12829,5737,Transfer,8500,2026-07-30
12830,6209,Deposit,80000,2026-07-30
12831,6326,Transfer,65000,2026-07-30
12832,6420,Deposit,35000,2026-07-30
12833,5083,Transfer,52000,2026-07-30
12834,5713,Deposit,71000,2026-07-30
12835,6121,Withdrawal,87000,2026-07-30
12836,5894,Transfer,22000,2026-07-30
12837,5345,Withdrawal,19500,2026-07-30
12838,5078,Withdrawal,22500,2026-07-30
12839,5501,Transfer,56500,2026-07-30
12840,5771,Deposit,24000,2026-07-30
12841,6475,Deposit,50000,2026-07-30
12842,5127,Deposit,50500,2026-07-30
12843,6279,Deposit,10500,2026-07-30
12844,6483,Withdrawal,74000,2026-07-30
12845,5307,Withdrawal,6000,2026-07-30
12846,5384,Withdrawal,36000,2026-07-30
12847,5300,Transfer,30000,2026-07-30
12848,5003,Transfer,74000,2026-07-30
12849,5513,Deposit,10000,2026-07-30
12850,6046,Transfer,53000,2026-07-30
12851,5744,Deposit,23000,2026-07-30
12852,6000,Transfer,31000,2026-07-30
12853,5843,Deposit,55000,2026-07-30
12854,6205,Transfer,47500,2026-07-30
12855,5625,Withdrawal,27000,2026-07-30
12856,6226,Deposit,79500,2026-07-30
12857,5394,Transfer,35500,2026-07-30
12858,5818,Withdrawal,66000,2026-07-30
12859,6388,Transfer,21000,2026-07-30
12860,5936,Transfer,13500,2026-07-30
12861,5082,Withdrawal,95500,2026-07-30
12862,5918,Deposit,72000,2026-07-30
12863,5119,Deposit,34000,2026-07-30
12864,6135,Deposit,20500,2026-07-30
12865,6107,Transfer,45000,2026-07-30
12866,5636,Withdrawal,61500,2026-07-30
12867,5512,Deposit,84500,2026-07-30
12868,5166,Deposit,12500,2026-07-30
12869,5297,Withdrawal,15500,2026-07-30
12870,5231,Withdrawal,23500,2026-07-30
12871,6365,Withdrawal,46000,2026-07-30
12872,5186,Transfer,61500,2026-07-30
12873,6123,Withdrawal,67500,2026-07-30
12874,5208,Deposit,92000,2026-07-30
12875,6341,Transfer,84500,2026-07-30
12876,5845,Deposit,14000,2026-07-30
12877,5993,Deposit,65000,2026-07-30
12878,5170,Withdrawal,54500,2026-07-30
12879,6049,Transfer,42500,2026-07-30
12880,6339,Transfer,5000,2026-07-30
12881,6450,Withdrawal,94000,2026-07-30
12882,5661,Transfer,59500,2026-07-30
12883,5631,Transfer,82500,2026-07-30
12884,5746,Deposit,37500,2026-07-30
12885,5731,Deposit,83500,2026-07-30
12886,6061,Deposit,85000,2026-07-30
12887,5551,Withdrawal,77500,2026-07-30
12888,6364,Deposit,46500,2026-07-30
12889,5920,Withdrawal,65000,2026-07-30
12890,6018,Withdrawal,95500,2026-07-30
12891,6061,Transfer,54500,2026-07-30
12892,5554,Deposit,66500,2026-07-30
12893,5153,Withdrawal,65500,2026-07-30
12894,5355,Transfer,2000,2026-07-30
12895,5144,Transfer,20000,2026-07-30
12896,5294,Transfer,71000,2026-07-30
12897,6351,Withdrawal,87500,2026-07-30
12898,6077,Withdrawal,55500,2026-07-30
12899,5542,Transfer,85500,2026-07-30
12900,5427,Withdrawal,70500,2026-07-30
12901,6474,Deposit,68500,2026-07-30
12902,6053,Withdrawal,83000,2026-07-30
12903,5832,Deposit,89500,2026-07-30
12904,5492,Transfer,55000,2026-07-30
12905,5015,Withdrawal,27500,2026-07-30
12906,5215,Deposit,79500,2026-07-30
12907,6160,Deposit,85000,2026-07-30
12908,5035,Deposit,5500,2026-07-30
12909,5713,Deposit,47000,2026-07-30
12910,6166,Withdrawal,72000,2026-07-30
12911,5074,Withdrawal,12000,2026-07-30
12912,5656,Deposit,90000,2026-07-30
12913,6389,Withdrawal,89500,2026-07-30
12914,6174,Withdrawal,47500,2026-07-30
12915,5943,Transfer,80500,2026-07-30
12916,5558,Deposit,67500,2026-07-30
12917,6027,Withdrawal,19000,2026-07-30
12918,5779,Transfer,22000,2026-07-30
12919,6367,Withdrawal,80000,2026-07-30
12920,6312,Deposit,79000,2026-07-30
12921,6246,Deposit,65000,2026-07-30
12922,6129,Withdrawal,69000,2026-07-30
12923,5309,Withdrawal,99500,2026-07-30
12924,5647,Transfer,9500,2026-07-30
12925,5247,Transfer,8500,2026-07-30
12926,6268,Deposit,27500,2026-07-30
12927,5683,Withdrawal,28500,2026-07-30
12928,5026,Transfer,4000,2026-07-30
12929,6438,Deposit,6000,2026-07-30
12930,6244,Transfer,70500,2026-07-30
12931,5311,Deposit,77000,2026-07-30
12932,5428,Deposit,18500,2026-07-30
12933,6001,Withdrawal,55500,2026-07-30
12934,6220,Deposit,34000,2026-07-30
12935,5565,Deposit,83500,2026-07-30
12936,6281,Withdrawal,28000,2026-07-30
12937,5229,Deposit,68500,2026-07-30
12938,6297,Transfer,38000,2026-07-30
12939,5015,Transfer,84000,2026-07-30
12940,5517,Transfer,64000,2026-07-30
12941,5754,Withdrawal,70000,2026-07-30
12942,6039,Deposit,50000,2026-07-30
12943,6442,Transfer,29000,2026-07-30
12944,6262,Deposit,5000,2026-07-30
12945,6298,Deposit,25500,2026-07-30
12946,6492,Transfer,66000,2026-07-30
12947,5891,Transfer,4000,2026-07-30
12948,5420,Deposit,24000,2026-07-30
12949,6384,Transfer,55500,2026-07-30
12950,5457,Transfer,92000,2026-07-30
12951,5405,Withdrawal,90500,2026-07-30
12952,5362,Deposit,75000,2026-07-30
12953,5185,Transfer,97500,2026-07-30
12954,5352,Withdrawal,13000,2026-07-30
12955,6194,Withdrawal,4500,2026-07-30
12956,6402,Transfer,7000,2026-07-30
12957,5397,Withdrawal,97500,2026-07-30
12958,5804,Deposit,3500,2026-07-30
12959,5646,Deposit,54500,2026-07-30
12960,5641,Transfer,67500,2026-07-30
12961,6128,Deposit,5500,2026-07-30
12962,5583,Transfer,77000,2026-07-30
12963,6481,Deposit,21500,2026-07-30
12964,5750,Withdrawal,95500,2026-07-30
12965,5787,Deposit,49000,2026-07-30
12966,6218,Transfer,61500,2026-07-30
12967,6432,Deposit,21500,2026-07-30
12968,5239,Deposit,28000,2026-07-30
12969,6071,Withdrawal,95500,2026-07-30
12970,5456,Transfer,70000,2026-07-30
12971,6126,Deposit,60000,2026-07-30
12972,5053,Withdrawal,99500,2026-07-30
12973,5896,Transfer,31000,2026-07-30
12974,5507,Transfer,55500,2026-07-30
12975,5664,Deposit,83500,2026-07-30
12976,5329,Transfer,13000,2026-07-30
12977,6438,Deposit,99500,2026-07-30
12978,5222,Withdrawal,63000,2026-07-30
12979,5749,Withdrawal,5000,2026-07-30
12980,5353,Transfer,71500,2026-07-30
12981,5964,Deposit,36000,2026-07-30
12982,6253,Deposit,23000,2026-07-30
12983,5616,Deposit,25500,2026-07-30
12984,5067,Withdrawal,49500,2026-07-30
12985,5450,Withdrawal,77500,2026-07-30
12986,5318,Deposit,30000,2026-07-30
12987,6017,Withdrawal,33000,2026-07-30
12988,6310,Withdrawal,98000,2026-07-30
12989,6067,Transfer,32500,2026-07-30
12990,6305,Withdrawal,23500,2026-07-30
12991,5628,Transfer,44000,2026-07-30
12992,6010,Deposit,96500,2026-07-30
12993,5730,Withdrawal,6000,2026-07-30
12994,5560,Transfer,13000,2026-07-30
12995,5875,Withdrawal,17000,2026-07-30
12996,6390,Transfer,76000,2026-07-30
12997,5216,Withdrawal,6500,2026-07-30
12998,5840,Withdrawal,37500,2026-07-30
12999,5353,Deposit,15000,2026-07-30
13000,5466,Deposit,57000,2026-07-30
13001,5921,Transfer,45000,2026-07-30
13002,5797,Transfer,14500,2026-07-30
13003,5458,Withdrawal,60500,2026-07-30
13004,5296,Deposit,68000,2026-07-30
13005,5759,Withdrawal,55000,2026-07-30
13006,5435,Withdrawal,33500,2026-07-30
13007,5837,Deposit,65000,2026-07-30
13008,5089,Transfer,46000,2026-07-30
13009,5491,Deposit,93500,2026-07-30
13010,5474,Deposit,2500,2026-07-30
13011,5317,Withdrawal,40000,2026-07-30
13012,5987,Deposit,28000,2026-07-30
13013,5126,Transfer,83500,2026-07-30
13014,6348,Withdrawal,15000,2026-07-30
13015,5786,Transfer,64000,2026-07-30
13016,5585,Deposit,21500,2026-07-30
13017,6445,Deposit,69000,2026-07-30
13018,6255,Withdrawal,48500,2026-07-30
13019,6124,Withdrawal,47500,2026-07-30
13020,6383,Transfer,73000,2026-07-30
13021,6139,Deposit,68000,2026-07-30
13022,6063,Transfer,62500,2026-07-30
13023,5439,Deposit,8000,2026-07-30
13024,5144,Transfer,65000,2026-07-30
13025,6159,Transfer,6500,2026-07-30
13026,6358,Transfer,92500,2026-07-30
13027,5589,Withdrawal,72500,2026-07-30
13028,5085,Deposit,36500,2026-07-30
13029,5279,Deposit,86000,2026-07-30
13030,6283,Transfer,23000,2026-07-30
13031,6470,Deposit,16500,2026-07-30
13032,5965,Deposit,45000,2026-07-30
13033,5073,Withdrawal,5000,2026-07-30
13034,6442,Withdrawal,32000,2026-07-30
13035,5341,Deposit,24500,2026-07-30
13036,6095,Deposit,13500,2026-07-30
13037,6269,Transfer,47000,2026-07-30
13038,6250,Transfer,97000,2026-07-30
13039,5388,Withdrawal,94500,2026-07-30
13040,5568,Transfer,6000,2026-07-30
13041,5418,Deposit,1000,2026-07-30
13042,6111,Deposit,83500,2026-07-30
13043,5832,Withdrawal,81500,2026-07-30
13044,5413,Deposit,59500,2026-07-30
13045,5448,Withdrawal,49000,2026-07-30
13046,5474,Withdrawal,84000,2026-07-30
13047,5174,Deposit,20500,2026-07-30
13048,5008,Withdrawal,82000,2026-07-30
13049,5643,Deposit,93500,2026-07-30
13050,5562,Transfer,63500,2026-07-30
13051,6297,Withdrawal,88000,2026-07-30
13052,5419,Deposit,93500,2026-07-30
13053,5984,Withdrawal,62500,2026-07-30
13054,6381,Withdrawal,47000,2026-07-30
13055,5132,Withdrawal,34000,2026-07-30
13056,5502,Transfer,18000,2026-07-30
13057,6251,Withdrawal,45000,2026-07-30
13058,5613,Withdrawal,29000,2026-07-30
13059,5548,Transfer,28000,2026-07-30
13060,6281,Deposit,50500,2026-07-30
13061,5455,Deposit,19000,2026-07-30
13062,5246,Transfer,1000,2026-07-30
13063,5395,Transfer,83500,2026-07-30
13064,5520,Withdrawal,56000,2026-07-30
13065,5971,Withdrawal,77000,2026-07-30
13066,5455,Deposit,46000,2026-07-30
13067,6333,Withdrawal,2000,2026-07-30
13068,6459,Transfer,65500,2026-07-30
13069,5716,Deposit,86000,2026-07-30
13070,5837,Transfer,71500,2026-07-30
13071,6362,Transfer,78500,2026-07-30
13072,6193,Transfer,25500,2026-07-30
13073,6362,Deposit,94500,2026-07-30
13074,6283,Withdrawal,93000,2026-07-30
13075,5655,Deposit,28000,2026-07-30
13076,6437,Deposit,88500,2026-07-30
13077,5842,Transfer,24500,2026-07-30
13078,6284,Withdrawal,68500,2026-07-30
13079,5345,Transfer,51000,2026-07-30
13080,6029,Withdrawal,23000,2026-07-30
13081,6210,Transfer,93000,2026-07-30
13082,5718,Withdrawal,53000,2026-07-30
13083,5904,Deposit,16500,2026-07-30
13084,5408,Withdrawal,97000,2026-07-30
13085,5373,Deposit,84000,2026-07-30
13086,5325,Deposit,38000,2026-07-30
13087,5555,Deposit,1000,2026-07-30
13088,5639,Deposit,89000,2026-07-30
13089,6058,Withdrawal,44500,2026-07-30
13090,5084,Withdrawal,32000,2026-07-30
13091,5239,Withdrawal,35500,2026-07-30
13092,5668,Transfer,35500,2026-07-30
13093,5097,Deposit,84000,2026-07-30
13094,5081,Deposit,41500,2026-07-30
13095,6244,Transfer,86000,2026-07-30
13096,5628,Withdrawal,5000,2026-07-30
13097,6090,Transfer,21500,2026-07-30
13098,5094,Transfer,51000,2026-07-30
13099,6486,Withdrawal,22500,2026-07-30
13100,5238,Transfer,6000,2026-07-30
13101,6364,Withdrawal,88000,2026-07-30
13102,5007,Deposit,41000,2026-07-30
13103,5865,Deposit,48000,2026-07-30
13104,5892,Deposit,17500,2026-07-30
13105,5555,Deposit,27500,2026-07-30
13106,6241,Transfer,36000,2026-07-30
13107,5750,Transfer,52000,2026-07-30
13108,5076,Withdrawal,26000,2026-07-30
13109,6483,Withdrawal,23000,2026-07-30
13110,6289,Withdrawal,14000,2026-07-30
13111,5208,Transfer,54000,2026-07-30
13112,6429,Withdrawal,35500,2026-07-30
13113,6163,Transfer,50000,2026-07-30
13114,6435,Deposit,66500,2026-07-30
13115,6211,Deposit,14500,2026-07-30
13116,6231,Transfer,93000,2026-07-30
13117,6330,Transfer,54500,2026-07-30
13118,5236,Transfer,47000,2026-07-30
13119,6182,Transfer,85000,2026-07-30
13120,5505,Transfer,38000,2026-07-30
13121,5208,Withdrawal,23500,2026-07-30
13122,5662,Deposit,36500,2026-07-30
13123,5914,Withdrawal,26000,2026-07-30
13124,5517,Deposit,86000,2026-07-30
13125,5300,Deposit,61000,2026-07-30
13126,6007,Deposit,1500,2026-07-30
13127,5899,Withdrawal,42000,2026-07-30
13128,6088,Deposit,58500,2026-07-30
13129,5949,Withdrawal,54000,2026-07-30
13130,5163,Transfer,13500,2026-07-30
13131,6301,Transfer,7000,2026-07-30
13132,5357,Transfer,8000,2026-07-30
13133,6196,Withdrawal,58000,2026-07-30
13134,5438,Transfer,2500,2026-07-30
13135,6374,Transfer,92500,2026-07-30
13136,5066,Withdrawal,66000,2026-07-30
13137,5111,Deposit,17000,2026-07-30
13138,5685,Withdrawal,72500,2026-07-30
13139,5333,Withdrawal,32000,2026-07-30
13140,6115,Deposit,38500,2026-07-30
13141,6441,Withdrawal,500,2026-07-30
13142,5413,Transfer,13500,2026-07-30
13143,6154,Withdrawal,3500,2026-07-30
13144,6288,Withdrawal,59000,2026-07-30
13145,5125,Transfer,59000,2026-07-30
13146,5362,Deposit,52000,2026-07-30
13147,5132,Deposit,9500,2026-07-30
13148,6309,Transfer,38000,2026-07-30
13149,5356,Transfer,27000,2026-07-30
13150,6365,Deposit,61500,2026-07-30
13151,6439,Deposit,76500,2026-07-30
13152,5029,Withdrawal,40000,2026-07-30
13153,6414,Deposit,63000,2026-07-30
13154,6256,Deposit,24000,2026-07-30
13155,5326,Deposit,89000,2026-07-30
13156,5235,Deposit,32000,2026-07-30
13157,6086,Deposit,71000,2026-07-30
13158,5807,Transfer,9500,2026-07-30
13159,6277,Transfer,47000,2026-07-30
13160,6334,Deposit,38000,2026-07-30
13161,5215,Transfer,79000,2026-07-30
13162,5765,Deposit,22000,2026-07-30
13163,5002,Withdrawal,88500,2026-07-30
13164,5302,Transfer,87000,2026-07-30
13165,5751,Transfer,95000,2026-07-30
13166,6139,Transfer,71500,2026-07-30
13167,6149,Transfer,94500,2026-07-30
13168,5870,Transfer,66000,2026-07-30
13169,5402,Deposit,1500,2026-07-30
13170,6337,Deposit,65000,2026-07-30
13171,6255,Transfer,8500,2026-07-30
13172,5208,Withdrawal,85500,2026-07-30
13173,5285,Transfer,56500,2026-07-30
13174,5678,Transfer,47500,2026-07-30
13175,5818,Withdrawal,27000,2026-07-30
13176,5014,Transfer,29500,2026-07-30
13177,5500,Withdrawal,9500,2026-07-30
13178,5469,Transfer,39500,2026-07-30
13179,6404,Deposit,35000,2026-07-30
13180,6235,Transfer,87500,2026-07-30
13181,5726,Transfer,4000,2026-07-30
13182,5533,Withdrawal,79000,2026-07-30
13183,6008,Transfer,85000,2026-07-30
13184,6023,Deposit,86500,2026-07-30
13185,5385,Deposit,93000,2026-07-30
13186,6170,Withdrawal,67500,2026-07-30
13187,5956,Transfer,76500,2026-07-30
13188,5133,Transfer,11500,2026-07-30
13189,5122,Transfer,37500,2026-07-30
13190,6078,Transfer,33500,2026-07-30
13191,5547,Deposit,57000,2026-07-30
13192,5961,Deposit,62500,2026-07-30
13193,5806,Withdrawal,24000,2026-07-30
13194,6388,Withdrawal,40000,2026-07-30
13195,6155,Deposit,9000,2026-07-30
13196,5620,Transfer,67500,2026-07-30
13197,5872,Deposit,25500,2026-07-30
13198,5999,Withdrawal,54500,2026-07-30
13199,6120,Transfer,75000,2026-07-30
13200,5870,Deposit,78000,2026-07-30
13201,5853,Transfer,91500,2026-07-30
13202,5462,Withdrawal,99000,2026-07-30
13203,6149,Transfer,88000,2026-07-30
13204,5380,Transfer,83500,2026-07-30
13205,5952,Withdrawal,53500,2026-07-30
13206,6316,Transfer,58000,2026-07-30
13207,5410,Transfer,15000,2026-07-30
13208,6297,Deposit,94500,2026-07-30
13209,6427,Transfer,67000,2026-07-30
13210,5075,Deposit,90000,2026-07-30
13211,6138,Deposit,79000,2026-07-30
13212,6163,Withdrawal,11500,2026-07-30
13213,5972,Transfer,71000,2026-07-30
13214,5007,Withdrawal,95000,2026-07-30
13215,6401,Deposit,37500,2026-07-30
13216,6056,Deposit,86500,2026-07-30
13217,5583,Withdrawal,46500,2026-07-30
13218,5876,Deposit,53000,2026-07-30
13219,5007,Withdrawal,82500,2026-07-30
13220,5899,Transfer,23500,2026-07-30
13221,6433,Withdrawal,57000,2026-07-30
13222,5418,Withdrawal,57500,2026-07-30
13223,5513,Deposit,58500,2026-07-30
13224,5260,Transfer,73000,2026-07-30
13225,5616,Deposit,24000,2026-07-30
13226,6220,Deposit,43000,2026-07-30
13227,6087,Transfer,40500,2026-07-30
13228,5275,Transfer,52000,2026-07-30
13229,6184,Withdrawal,16500,2026-07-30
13230,5322,Deposit,83500,2026-07-30
13231,5082,Deposit,79000,2026-07-30
13232,6205,Withdrawal,10500,2026-07-30
13233,5837,Withdrawal,48500,2026-07-30
13234,6084,Withdrawal,79000,2026-07-30
13235,6286,Withdrawal,79000,2026-07-30
13236,6336,Transfer,32000,2026-07-30
13237,6370,Deposit,82500,2026-07-30
13238,5320,Transfer,59000,2026-07-30
13239,6275,Deposit,41500,2026-07-30
13240,5402,Withdrawal,7000,2026-07-30
13241,5807,Transfer,81000,2026-07-30
13242,5094,Deposit,81000,2026-07-30
13243,5082,Withdrawal,8000,2026-07-30
13244,5709,Transfer,31000,2026-07-30
13245,6090,Withdrawal,91000,2026-07-30
13246,6343,Transfer,67500,2026-07-30
13247,5509,Deposit,87500,2026-07-30
13248,5595,Deposit,88500,2026-07-30
13249,5232,Withdrawal,54000,2026-07-30
13250,6239,Transfer,25500,2026-07-30
13251,6468,Deposit,8500,2026-07-30
13252,5077,Transfer,47500,2026-07-30
13253,5221,Transfer,44500,2026-07-30
13254,6418,Deposit,38500,2026-07-30
13255,6123,Transfer,47000,2026-07-30
13256,6022,Deposit,14500,2026-07-30
13257,5537,Transfer,69500,2026-07-30
13258,5973,Transfer,16500,2026-07-30
13259,5740,Transfer,79000,2026-07-30
13260,5865,Withdrawal,41500,2026-07-30
13261,5014,Deposit,5000,2026-07-30
13262,6444,Withdrawal,96000,2026-07-30
13263,6359,Deposit,18500,2026-07-30
13264,5368,Withdrawal,57000,2026-07-30
13265,5524,Deposit,3000,2026-07-30
13266,6325,Withdrawal,1000,2026-07-30
13267,5831,Transfer,98500,2026-07-30
13268,6393,Withdrawal,81500,2026-07-30
13269,5470,Deposit,48000,2026-07-30
13270,6352,Deposit,44500,2026-07-30
13271,6180,Transfer,89500,2026-07-30
13272,5543,Transfer,52000,2026-07-30
13273,5896,Withdrawal,39000,2026-07-30
13274,5681,Withdrawal,92500,2026-07-30
13275,5018,Transfer,44000,2026-07-30
13276,5019,Deposit,94000,2026-07-30
13277,6354,Deposit,34500,2026-07-30
13278,6308,Deposit,62000,2026-07-30
13279,5425,Deposit,61500,2026-07-30
13280,6247,Withdrawal,49000,2026-07-30
13281,5460,Withdrawal,87000,2026-07-30
13282,6484,Withdrawal,1000,2026-07-30
13283,5598,Transfer,79500,2026-07-30
13284,5248,Withdrawal,62000,2026-07-30
13285,6319,Withdrawal,97000,2026-07-30
13286,5640,Deposit,46000,2026-07-30
13287,5529,Transfer,98000,2026-07-30
13288,6307,Transfer,17500,2026-07-30
13289,5325,Deposit,99000,2026-07-30
13290,6402,Transfer,77500,2026-07-30
13291,5645,Withdrawal,68000,2026-07-30
13292,6110,Withdrawal,65000,2026-07-30
13293,5855,Withdrawal,52500,2026-07-30
13294,5788,Deposit,42000,2026-07-30
13295,6124,Transfer,60000,2026-07-30
13296,5097,Withdrawal,89500,2026-07-30
13297,6341,Transfer,27500,2026-07-30
13298,6072,Transfer,27000,2026-07-30
13299,5100,Withdrawal,8500,2026-07-30
13300,5366,Deposit,68500,2026-07-30
13301,5667,Transfer,14500,2026-07-30
13302,6313,Transfer,65000,2026-07-30
13303,5328,Withdrawal,99500,2026-07-30
13304,5505,Withdrawal,65500,2026-07-30
13305,6469,Withdrawal,88500,2026-07-30
13306,5228,Transfer,89000,2026-07-30
13307,5255,Transfer,17000,2026-07-30
13308,6461,Transfer,89000,2026-07-30
13309,5350,Transfer,11000,2026-07-30
13310,5916,Withdrawal,41000,2026-07-30
13311,6021,Transfer,91000,2026-07-30
13312,6309,Deposit,40000,2026-07-30
13313,5228,Transfer,73500,2026-07-30
13314,5767,Withdrawal,42500,2026-07-30
13315,5822,Deposit,87000,2026-07-30
13316,5927,Withdrawal,66000,2026-07-30
13317,6025,Deposit,54500,2026-07-30
13318,6461,Transfer,4000,2026-07-30
13319,5182,Transfer,97500,2026-07-30
13320,6007,Withdrawal,24000,2026-07-30
13321,6455,Withdrawal,98500,2026-07-30
13322,5306,Deposit,37500,2026-07-30
13323,6360,Withdrawal,34500,2026-07-30
13324,6035,Transfer,61000,2026-07-30
13325,5664,Withdrawal,35000,2026-07-30
13326,5466,Transfer,62500,2026-07-30
13327,5506,Withdrawal,62500,2026-07-30
13328,5613,Deposit,55000,2026-07-30
13329,5989,Transfer,62500,2026-07-30
13330,5344,Withdrawal,64500,2026-07-30
13331,6363,Deposit,89000,2026-07-30
13332,5898,Deposit,25500,2026-07-30
13333,5836,Transfer,99500,2026-07-30
13334,6322,Deposit,91000,2026-07-30
13335,5620,Withdrawal,98000,2026-07-30
13336,6048,Transfer,47500,2026-07-30
13337,5991,Withdrawal,41000,2026-07-30
13338,5169,Deposit,29500,2026-07-30
13339,6204,Transfer,7500,2026-07-30
13340,5163,Deposit,49000,2026-07-30
13341,5429,Transfer,72500,2026-07-30
13342,5602,Withdrawal,26500,2026-07-30
13343,5910,Deposit,16000,2026-07-30
13344,6420,Withdrawal,40500,2026-07-30
13345,6460,Withdrawal,25500,2026-07-30
13346,6190,Withdrawal,68000,2026-07-30
13347,5588,Transfer,75500,2026-07-30
13348,5085,Withdrawal,2000,2026-07-30
13349,6095,Transfer,62500,2026-07-30
13350,5478,Withdrawal,79500,2026-07-30
13351,5616,Withdrawal,2500,2026-07-30
13352,5753,Withdrawal,28500,2026-07-30
13353,5132,Transfer,43500,2026-07-30
13354,6449,Deposit,63000,2026-07-30
13355,6052,Transfer,30500,2026-07-30
13356,5094,Withdrawal,25000,2026-07-30
13357,6208,Transfer,53500,2026-07-30
13358,5630,Deposit,23500,2026-07-30
13359,5235,Deposit,1000,2026-07-30
13360,5471,Deposit,86000,2026-07-30
13361,5486,Withdrawal,87000,2026-07-30
13362,6414,Withdrawal,76000,2026-07-30
13363,5847,Deposit,63500,2026-07-30
13364,5235,Deposit,75000,2026-07-30
13365,5848,Transfer,14000,2026-07-30
13366,6228,Deposit,61000,2026-07-30
13367,6002,Withdrawal,84000,2026-07-30
13368,6367,Withdrawal,84500,2026-07-30
13369,6375,Withdrawal,10000,2026-07-30
13370,6409,Deposit,32000,2026-07-30
13371,5726,Transfer,81500,2026-07-30
13372,5961,Transfer,59000,2026-07-30
13373,5208,Deposit,9000,2026-07-30
13374,5305,Withdrawal,99500,2026-07-30
13375,5903,Deposit,70000,2026-07-30
13376,6281,Transfer,61500,2026-07-30
13377,6357,Withdrawal,77000,2026-07-30
13378,5311,Withdrawal,91500,2026-07-30
13379,5299,Withdrawal,84000,2026-07-30
13380,5654,Deposit,100000,2026-07-30
13381,5771,Transfer,12500,2026-07-30
13382,6021,Withdrawal,71000,2026-07-30
13383,6029,Withdrawal,77000,2026-07-30
13384,5806,Deposit,99000,2026-07-30
13385,5099,Transfer,65500,2026-07-30
13386,5691,Deposit,74500,2026-07-30
13387,6412,Transfer,68000,2026-07-30
13388,6092,Withdrawal,91000,2026-07-30
13389,5767,Transfer,25000,2026-07-30
13390,5671,Withdrawal,64000,2026-07-30
13391,6116,Withdrawal,13000,2026-07-30
13392,5468,Transfer,55000,2026-07-30
13393,5438,Transfer,56000,2026-07-30
13394,5983,Transfer,50500,2026-07-30
13395,5688,Transfer,52500,2026-07-30
13396,5209,Deposit,8000,2026-07-30
13397,5273,Transfer,62500,2026-07-30
13398,5758,Withdrawal,95000,2026-07-30
13399,5644,Withdrawal,23500,2026-07-30
13400,5244,Withdrawal,34000,2026-07-30
13401,5174,Transfer,1500,2026-07-30
13402,5219,Deposit,60000,2026-07-30
13403,5377,Transfer,4500,2026-07-30
13404,5777,Transfer,2500,2026-07-30
13405,5709,Withdrawal,92500,2026-07-30
13406,5182,Withdrawal,39000,2026-07-30
13407,6328,Withdrawal,86500,2026-07-30
13408,5457,Withdrawal,22000,2026-07-30
13409,5065,Withdrawal,93000,2026-07-30
13410,5945,Transfer,54000,2026-07-30
13411,5715,Transfer,7000,2026-07-30
13412,5573,Deposit,7500,2026-07-30
13413,5099,Withdrawal,56000,2026-07-30
13414,6411,Withdrawal,15000,2026-07-30
13415,6102,Deposit,92500,2026-07-30
13416,5341,Transfer,4000,2026-07-30
13417,6249,Transfer,79000,2026-07-30
13418,5066,Deposit,97000,2026-07-30
13419,6374,Transfer,53500,2026-07-30
13420,6207,Deposit,44500,2026-07-30
13421,6079,Transfer,51500,2026-07-30
13422,6107,Deposit,19000,2026-07-30
13423,6032,Withdrawal,97000,2026-07-30
13424,6023,Deposit,9000,2026-07-30
13425,5616,Withdrawal,66000,2026-07-30
13426,6122,Transfer,63500,2026-07-30
13427,6330,Transfer,40500,2026-07-30
13428,6299,Deposit,53000,2026-07-30
13429,6206,Deposit,42000,2026-07-30
13430,6236,Deposit,70500,2026-07-30
13431,6329,Withdrawal,94500,2026-07-30
13432,5412,Transfer,92000,2026-07-30
13433,6458,Transfer,51000,2026-07-30
13434,6464,Withdrawal,39000,2026-07-30
13435,5404,Deposit,43000,2026-07-30
13436,5531,Withdrawal,70000,2026-07-30
13437,6403,Transfer,11000,2026-07-30
13438,6497,Deposit,80500,2026-07-30
13439,5455,Transfer,31500,2026-07-30
13440,5571,Deposit,26500,2026-07-30
13441,5448,Withdrawal,1500,2026-07-30
13442,5751,Withdrawal,63500,2026-07-30
13443,5921,Deposit,40500,2026-07-30
13444,5223,Transfer,80500,2026-07-30
13445,5263,Transfer,14500,2026-07-30
13446,5570,Deposit,57000,2026-07-30
13447,5163,Withdrawal,1000,2026-07-30
13448,6180,Deposit,74500,2026-07-30
13449,5213,Transfer,92000,2026-07-30
13450,6146,Transfer,14500,2026-07-30
13451,5729,Deposit,57000,2026-07-30
13452,6157,Transfer,99500,2026-07-30
13453,5090,Deposit,34500,2026-07-30
13454,6438,Deposit,9500,2026-07-30
13455,6335,Withdrawal,41000,2026-07-30
13456,5889,Deposit,31500,2026-07-30
13457,5330,Deposit,48500,2026-07-30
13458,5307,Deposit,14000,2026-07-30
13459,5297,Deposit,96000,2026-07-30
13460,6278,Transfer,91500,2026-07-30
13461,6187,Transfer,39000,2026-07-30
13462,6470,Withdrawal,39500,2026-07-30
13463,5545,Withdrawal,90000,2026-07-30
13464,5212,Withdrawal,51000,2026-07-30
13465,5246,Deposit,80000,2026-07-30
13466,5263,Deposit,37000,2026-07-30
13467,5990,Transfer,3000,2026-07-30
13468,6393,Deposit,12500,2026-07-30
13469,6019,Withdrawal,53500,2026-07-30
13470,6456,Deposit,6000,2026-07-30
13471,5692,Transfer,63500,2026-07-30
13472,5422,Transfer,1000,2026-07-30
13473,6204,Deposit,14000,2026-07-30
13474,5171,Deposit,70000,2026-07-30
13475,6357,Withdrawal,61000,2026-07-30
13476,6133,Withdrawal,72000,2026-07-30
13477,6388,Withdrawal,31000,2026-07-30
13478,5087,Withdrawal,2000,2026-07-30
13479,5280,Deposit,35500,2026-07-30
13480,6212,Transfer,31000,2026-07-30
13481,5412,Withdrawal,48500,2026-07-30
13482,5656,Withdrawal,61500,2026-07-30
13483,5019,Withdrawal,67500,2026-07-30
13484,6008,Transfer,19000,2026-07-30
13485,5323,Transfer,53000,2026-07-30
13486,6286,Deposit,69500,2026-07-30
13487,6423,Withdrawal,73500,2026-07-30
13488,5773,Deposit,67000,2026-07-30
13489,5240,Withdrawal,38500,2026-07-30
13490,6108,Deposit,75500,2026-07-30
13491,5107,Transfer,6000,2026-07-30
13492,5109,Transfer,3000,2026-07-30
13493,5577,Transfer,45000,2026-07-30
13494,6302,Withdrawal,500,2026-07-30
13495,6111,Deposit,55500,2026-07-30
13496,5662,Withdrawal,49500,2026-07-30
13497,6023,Withdrawal,11500,2026-07-30
13498,5199,Transfer,34000,2026-07-30
13499,6044,Withdrawal,99000,2026-07-30
13500,5494,Withdrawal,44000,2026-07-30
13501,5786,Deposit,9500,2026-07-30
13502,6437,Deposit,20000,2026-07-30
13503,5157,Transfer,95000,2026-07-30
13504,6141,Transfer,97000,2026-07-30
13505,5641,Transfer,7000,2026-07-30
13506,5124,Withdrawal,98000,2026-07-30
13507,6411,Deposit,56500,2026-07-30
13508,5563,Deposit,51000,2026-07-30
13509,6271,Transfer,28000,2026-07-30
13510,5050,Deposit,51000,2026-07-30
13511,6322,Transfer,83000,2026-07-30
13512,5164,Transfer,23500,2026-07-30
13513,5963,Withdrawal,71000,2026-07-30
13514,5271,Withdrawal,16500,2026-07-30
13515,5923,Withdrawal,3500,2026-07-30
13516,5583,Deposit,43500,2026-07-30
13517,5946,Withdrawal,82500,2026-07-30
13518,5318,Transfer,57500,2026-07-30
13519,5733,Withdrawal,63000,2026-07-30
13520,5426,Withdrawal,57500,2026-07-30
13521,5384,Withdrawal,29000,2026-07-30
13522,5980,Withdrawal,56000,2026-07-30
13523,5218,Deposit,78000,2026-07-30
13524,5584,Withdrawal,44500,2026-07-30
13525,5517,Deposit,48500,2026-07-30
13526,5200,Withdrawal,5500,2026-07-30
13527,6020,Withdrawal,25500,2026-07-30
13528,6315,Transfer,20500,2026-07-30
13529,5196,Transfer,73000,2026-07-30
13530,5565,Withdrawal,92500,2026-07-30
13531,5374,Transfer,90000,2026-07-30
13532,5698,Deposit,17000,2026-07-30
13533,6139,Withdrawal,66500,2026-07-30
13534,6476,Transfer,13500,2026-07-30
13535,6196,Withdrawal,69500,2026-07-30
13536,6328,Transfer,94500,2026-07-30
13537,6492,Deposit,82500,2026-07-30
13538,6386,Transfer,78500,2026-07-30
13539,6458,Withdrawal,93000,2026-07-30
13540,5289,Transfer,65500,2026-07-30
13541,6383,Withdrawal,38000,2026-07-30
13542,5383,Transfer,90000,2026-07-30
13543,5700,Transfer,12500,2026-07-30
13544,5592,Transfer,100000,2026-07-30
13545,5913,Withdrawal,25500,2026-07-30
13546,6033,Deposit,30000,2026-07-30
13547,6295,Deposit,93500,2026-07-30
13548,5120,Transfer,63000,2026-07-30
13549,5436,Withdrawal,98000,2026-07-30
13550,6010,Transfer,12000,2026-07-30
13551,5609,Deposit,51000,2026-07-30
13552,6352,Deposit,59500,2026-07-30
13553,6013,Transfer,11500,2026-07-30
13554,6374,Transfer,81500,2026-07-30
13555,5186,Withdrawal,1500,2026-07-30
13556,5159,Deposit,12000,2026-07-30
13557,5507,Withdrawal,86500,2026-07-30
13558,5049,Transfer,24500,2026-07-30
13559,5474,Withdrawal,7000,2026-07-30
13560,6083,Withdrawal,8000,2026-07-30
13561,5937,Withdrawal,48000,2026-07-30
13562,5284,Transfer,78500,2026-07-30
13563,5151,Transfer,97500,2026-07-30
13564,5316,Deposit,25000,2026-07-30
13565,5567,Withdrawal,15000,2026-07-30
13566,5351,Transfer,74500,2026-07-30
13567,5195,Deposit,20500,2026-07-30
13568,5277,Transfer,49500,2026-07-30
13569,5990,Transfer,20000,2026-07-30
13570,6441,Deposit,10500,2026-07-30
13571,5866,Withdrawal,98000,2026-07-30
13572,5463,Withdrawal,90000,2026-07-30
13573,5162,Withdrawal,47000,2026-07-30
13574,5183,Transfer,34000,2026-07-30
13575,5066,Transfer,78500,2026-07-30
13576,6084,Deposit,27500,2026-07-30
13577,5454,Deposit,48500,2026-07-30
13578,5462,Withdrawal,37500,2026-07-30
13579,6489,Withdrawal,78000,2026-07-30
13580,6361,Deposit,43000,2026-07-30
13581,5380,Transfer,13500,2026-07-30
13582,5449,Transfer,33500,2026-07-30
13583,5030,Withdrawal,45500,2026-07-30
13584,5442,Deposit,34000,2026-07-30
13585,5093,Withdrawal,41000,2026-07-30
13586,5051,Deposit,62500,2026-07-30
13587,6012,Withdrawal,27000,2026-07-30
13588,6483,Transfer,81500,2026-07-30
13589,6339,Deposit,36000,2026-07-30
13590,5862,Withdrawal,88500,2026-07-30
13591,5855,Transfer,33000,2026-07-30
13592,5552,Withdrawal,52000,2026-07-30
13593,6225,Transfer,40500,2026-07-30
13594,5158,Transfer,14500,2026-07-30
13595,5426,Deposit,75500,2026-07-30
13596,6012,Deposit,5500,2026-07-30
13597,5862,Deposit,76500,2026-07-30
13598,5790,Withdrawal,18500,2026-07-30
13599,5990,Transfer,92000,2026-07-30
13600,5673,Transfer,79000,2026-07-30
13601,5392,Withdrawal,82000,2026-07-30
13602,5068,Transfer,44500,2026-07-30
13603,5040,Transfer,38000,2026-07-30
13604,5500,Deposit,28500,2026-07-30
13605,6276,Transfer,98000,2026-07-30
13606,5046,Deposit,86000,2026-07-30
13607,6417,Transfer,69000,2026-07-30
13608,5283,Withdrawal,64000,2026-07-30
13609,5942,Withdrawal,51000,2026-07-30
13610,5740,Transfer,96000,2026-07-30
13611,5450,Deposit,86000,2026-07-30
13612,5212,Withdrawal,32500,2026-07-30
13613,5678,Withdrawal,20000,2026-07-30
13614,5913,Transfer,99500,2026-07-30
13615,6226,Transfer,92500,2026-07-30
13616,5789,Transfer,42000,2026-07-30
13617,6213,Transfer,37500,2026-07-30
13618,6247,Transfer,6500,2026-07-30
13619,5034,Deposit,15500,2026-07-30
13620,6066,Deposit,79500,2026-07-30
13621,6218,Transfer,28500,2026-07-30
13622,5390,Withdrawal,48000,2026-07-30
13623,5821,Transfer,74000,2026-07-30
13624,5538,Withdrawal,70000,2026-07-30
13625,6071,Withdrawal,46500,2026-07-30
13626,5179,Deposit,72000,2026-07-30
13627,5791,Deposit,81000,2026-07-30
13628,6202,Transfer,66500,2026-07-30
13629,6011,Transfer,68000,2026-07-30
13630,5933,Transfer,56500,2026-07-30
13631,5554,Transfer,33500,2026-07-30
13632,5845,Deposit,44500,2026-07-30
13633,6377,Transfer,65000,2026-07-30
13634,6492,Transfer,44500,2026-07-30
13635,6487,Deposit,74000,2026-07-30
13636,6176,Deposit,3500,2026-07-30
13637,5230,Deposit,96000,2026-07-30
13638,5962,Deposit,26500,2026-07-30
13639,6298,Transfer,83500,2026-07-30
13640,6280,Transfer,50000,2026-07-30
13641,6432,Withdrawal,64500,2026-07-30
13642,5391,Deposit,43500,2026-07-30
13643,6047,Deposit,72000,2026-07-30
13644,5812,Transfer,13000,2026-07-30
13645,5877,Withdrawal,42500,2026-07-30
13646,5955,Withdrawal,85000,2026-07-30
13647,5968,Transfer,48000,2026-07-30
13648,6188,Withdrawal,70500,2026-07-30
13649,6337,Withdrawal,15000,2026-07-30
13650,6155,Transfer,38000,2026-07-30
13651,5405,Withdrawal,70000,2026-07-30
13652,5276,Deposit,11500,2026-07-30
13653,6115,Deposit,54500,2026-07-30
13654,5152,Deposit,10000,2026-07-30
13655,5594,Withdrawal,55000,2026-07-30
13656,6201,Withdrawal,95000,2026-07-30
13657,6041,Withdrawal,51000,2026-07-30
13658,5260,Withdrawal,29000,2026-07-30
13659,5539,Deposit,65500,2026-07-30
13660,6114,Transfer,94500,2026-07-30
13661,5375,Withdrawal,66500,2026-07-30
13662,5112,Withdrawal,25000,2026-07-30
13663,6123,Deposit,6500,2026-07-30
13664,5025,Deposit,99000,2026-07-30
13665,5364,Deposit,58000,2026-07-30
13666,6420,Withdrawal,65500,2026-07-30
13667,5796,Deposit,81500,2026-07-30
13668,6278,Withdrawal,54500,2026-07-30
13669,6312,Withdrawal,6500,2026-07-30
13670,5059,Withdrawal,7000,2026-07-30
13671,6014,Deposit,99000,2026-07-30
13672,5137,Transfer,16500,2026-07-30
13673,5696,Deposit,25000,2026-07-30
13674,5750,Transfer,11000,2026-07-30
13675,6353,Deposit,46500,2026-07-30
13676,5713,Withdrawal,89000,2026-07-30
13677,5967,Withdrawal,59000,2026-07-30
13678,6073,Deposit,79500,2026-07-30
13679,5072,Deposit,25500,2026-07-30
13680,5669,Deposit,91500,2026-07-30
13681,6460,Deposit,40500,2026-07-30
13682,5655,Deposit,84500,2026-07-30
13683,6483,Transfer,10000,2026-07-30
13684,5680,Withdrawal,14000,2026-07-30
13685,5688,Deposit,42500,2026-07-30
13686,6240,Withdrawal,37000,2026-07-30
13687,5162,Withdrawal,86500,2026-07-30
13688,5059,Transfer,1500,2026-07-30
13689,6195,Deposit,69500,2026-07-30
13690,5529,Withdrawal,26000,2026-07-30
13691,5884,Transfer,87500,2026-07-30
13692,6158,Transfer,72000,2026-07-30
13693,6491,Withdrawal,75500,2026-07-30
13694,6175,Transfer,96500,2026-07-30
13695,5805,Deposit,25000,2026-07-30
13696,5599,Transfer,35000,2026-07-30
13697,5508,Withdrawal,87000,2026-07-30
13698,6243,Deposit,63000,2026-07-30
13699,6004,Deposit,94500,2026-07-30
13700,6370,Deposit,8500,2026-07-30
13701,6205,Transfer,32500,2026-07-30
13702,6246,Withdrawal,19500,2026-07-30
13703,5910,Transfer,91000,2026-07-30
13704,5765,Deposit,51500,2026-07-30
13705,5575,Transfer,95000,2026-07-30
13706,5314,Transfer,85500,2026-07-30
13707,5634,Transfer,16500,2026-07-30
13708,6130,Deposit,78000,2026-07-30
13709,5966,Deposit,57000,2026-07-30
13710,5765,Deposit,25000,2026-07-30
13711,6056,Transfer,75000,2026-07-30
13712,5810,Withdrawal,9500,2026-07-30
13713,5267,Transfer,42000,2026-07-30
13714,5288,Deposit,87000,2026-07-30
13715,6449,Withdrawal,40000,2026-07-30
13716,5148,Withdrawal,46500,2026-07-30
13717,5034,Deposit,79500,2026-07-30
13718,5598,Withdrawal,13000,2026-07-30
13719,5749,Withdrawal,500,2026-07-30
13720,5741,Deposit,82000,2026-07-30
13721,5040,Deposit,19500,2026-07-30
13722,5917,Withdrawal,73000,2026-07-30
13723,6256,Deposit,54500,2026-07-30
13724,5457,Deposit,13500,2026-07-30
13725,5033,Withdrawal,6500,2026-07-30
13726,5228,Deposit,98000,2026-07-30
13727,5512,Deposit,91000,2026-07-30
13728,5680,Withdrawal,99500,2026-07-30
13729,5446,Deposit,95500,2026-07-30
13730,5077,Transfer,9000,2026-07-30
13731,6110,Deposit,31500,2026-07-30
13732,6046,Withdrawal,50000,2026-07-30
13733,5662,Transfer,93500,2026-07-30
13734,5777,Withdrawal,97000,2026-07-30
13735,5646,Withdrawal,24000,2026-07-30
13736,6029,Withdrawal,47500,2026-07-30
13737,5712,Transfer,72000,2026-07-30
13738,5718,Withdrawal,65000,2026-07-30
13739,5311,Deposit,8500,2026-07-30
13740,5166,Transfer,78500,2026-07-30
13741,5744,Deposit,36000,2026-07-30
13742,6380,Transfer,70500,2026-07-30
13743,5397,Transfer,60000,2026-07-30
13744,5674,Transfer,17000,2026-07-30
13745,6407,Withdrawal,92500,2026-07-30
13746,6030,Deposit,47000,2026-07-30
13747,5359,Deposit,61000,2026-07-30
13748,6019,Deposit,45500,2026-07-30
13749,6211,Withdrawal,32500,2026-07-30
13750,5458,Deposit,79000,2026-07-30
13751,5510,Transfer,85000,2026-07-30
13752,6257,Withdrawal,66000,2026-07-30
13753,6125,Deposit,85000,2026-07-30
13754,5529,Deposit,51500,2026-07-30
13755,5453,Transfer,27000,2026-07-30
13756,6209,Deposit,42500,2026-07-30
13757,5119,Transfer,1500,2026-07-30
13758,5693,Withdrawal,64500,2026-07-30
13759,5893,Withdrawal,28500,2026-07-30
13760,5358,Withdrawal,46000,2026-07-30
13761,5966,Deposit,6500,2026-07-30
13762,5640,Withdrawal,12500,2026-07-30
13763,5145,Deposit,40000,2026-07-30
13764,5573,Transfer,96000,2026-07-30
13765,6291,Withdrawal,53000,2026-07-30
13766,6497,Transfer,91500,2026-07-30
13767,5218,Deposit,29500,2026-07-30
13768,5793,Deposit,96500,2026-07-30
13769,6020,Withdrawal,29500,2026-07-30
13770,5894,Transfer,97000,2026-07-30
13771,5765,Withdrawal,94500,2026-07-30
13772,6243,Deposit,59500,2026-07-30
13773,6442,Deposit,47500,2026-07-30
13774,5590,Deposit,70000,2026-07-30
13775,5048,Transfer,45500,2026-07-30
13776,5436,Withdrawal,18500,2026-07-30
13777,5947,Withdrawal,48500,2026-07-30
13778,5768,Deposit,100000,2026-07-30
13779,5381,Transfer,73500,2026-07-30
13780,5004,Withdrawal,94500,2026-07-30
13781,5407,Withdrawal,40000,2026-07-30
13782,5768,Transfer,5500,2026-07-30
13783,5855,Transfer,15000,2026-07-30
13784,5196,Withdrawal,90000,2026-07-30
13785,5217,Transfer,87500,2026-07-30
13786,6059,Transfer,75000,2026-07-30
13787,6483,Deposit,48500,2026-07-30
13788,5775,Transfer,63500,2026-07-30
13789,5699,Deposit,16000,2026-07-30
13790,5638,Withdrawal,6000,2026-07-30
13791,6375,Withdrawal,64000,2026-07-30
13792,5935,Withdrawal,18000,2026-07-30
13793,6385,Withdrawal,25500,2026-07-30
13794,6253,Deposit,10500,2026-07-30
13795,5560,Transfer,13500,2026-07-30
13796,5586,Transfer,98500,2026-07-30
13797,5822,Deposit,95000,2026-07-30
13798,5908,Transfer,32000,2026-07-30
13799,5496,Transfer,29000,2026-07-30
13800,6288,Transfer,14000,2026-07-30
13801,5818,Deposit,42000,2026-07-30
13802,6397,Withdrawal,12500,2026-07-30
13803,5914,Deposit,92500,2026-07-30
13804,5957,Deposit,45000,2026-07-30
13805,6323,Withdrawal,50000,2026-07-30
13806,5275,Withdrawal,88000,2026-07-30
13807,6259,Transfer,89000,2026-07-30
13808,5857,Deposit,94000,2026-07-30
13809,5730,Withdrawal,39500,2026-07-30
13810,5369,Transfer,23500,2026-07-30
13811,5065,Withdrawal,75000,2026-07-30
13812,5386,Transfer,15000,2026-07-30
13813,6011,Deposit,18000,2026-07-30
13814,6491,Withdrawal,84000,2026-07-30
13815,5102,Transfer,4500,2026-07-30
13816,5569,Withdrawal,15500,2026-07-30
13817,5265,Deposit,16500,2026-07-30
13818,5976,Withdrawal,94000,2026-07-30
13819,5587,Transfer,52500,2026-07-30
13820,5840,Transfer,8000,2026-07-30
13821,5143,Deposit,79500,2026-07-30
13822,6259,Transfer,15000,2026-07-30
13823,5730,Withdrawal,45500,2026-07-30
13824,6148,Deposit,33500,2026-07-30
13825,5653,Withdrawal,63500,2026-07-30
13826,5481,Withdrawal,88000,2026-07-30
13827,6460,Deposit,74000,2026-07-30
13828,6016,Withdrawal,100000,2026-07-30
13829,6392,Withdrawal,39000,2026-07-30
13830,5850,Withdrawal,80500,2026-07-30
13831,6024,Withdrawal,95500,2026-07-30
13832,6182,Transfer,79500,2026-07-30
13833,5834,Transfer,96500,2026-07-30
13834,5740,Deposit,74500,2026-07-30
13835,5926,Withdrawal,21000,2026-07-30
13836,5045,Transfer,81000,2026-07-30
13837,5959,Deposit,88500,2026-07-30
13838,6375,Deposit,73000,2026-07-30
13839,5987,Transfer,61000,2026-07-30
13840,6065,Withdrawal,53000,2026-07-30
13841,6199,Transfer,31000,2026-07-30
13842,6251,Transfer,55500,2026-07-30
13843,5301,Deposit,16500,2026-07-30
13844,5941,Deposit,96500,2026-07-30
13845,6419,Transfer,34000,2026-07-30
13846,5299,Deposit,96000,2026-07-30
13847,5326,Withdrawal,98500,2026-07-30
13848,5617,Deposit,50500,2026-07-30
13849,5116,Withdrawal,33000,2026-07-30
13850,6413,Withdrawal,33000,2026-07-30
13851,6394,Deposit,86000,2026-07-30
13852,5236,Withdrawal,15000,2026-07-30
13853,5033,Deposit,77000,2026-07-30
13854,5099,Withdrawal,46500,2026-07-30
13855,5800,Deposit,65000,2026-07-30
13856,6128,Transfer,17500,2026-07-30
13857,6399,Deposit,32000,2026-07-30
13858,5031,Transfer,43000,2026-07-30
13859,5011,Deposit,19000,2026-07-30
13860,5015,Transfer,7000,2026-07-30
13861,5365,Deposit,22000,2026-07-30
13862,5549,Withdrawal,92000,2026-07-30
13863,6418,Transfer,48000,2026-07-30
13864,5627,Deposit,24500,2026-07-30
13865,5569,Transfer,78500,2026-07-30
13866,5535,Withdrawal,20000,2026-07-30
13867,5677,Deposit,78500,2026-07-30
13868,6121,Transfer,4000,2026-07-30
13869,6249,Withdrawal,96000,2026-07-30
13870,5008,Withdrawal,50000,2026-07-30
13871,6363,Withdrawal,48500,2026-07-30
13872,5902,Transfer,78000,2026-07-30
13873,5540,Transfer,29000,2026-07-30
13874,6193,Withdrawal,53500,2026-07-30
13875,6201,Transfer,29000,2026-07-30
13876,5107,Transfer,35500,2026-07-30
13877,5902,Deposit,62500,2026-07-30
13878,6205,Transfer,63500,2026-07-30
13879,6182,Transfer,84000,2026-07-30
13880,5359,Transfer,50000,2026-07-30
13881,5730,Deposit,53000,2026-07-30
13882,5192,Transfer,40000,2026-07-30
13883,5169,Withdrawal,46500,2026-07-30
13884,5128,Withdrawal,55000,2026-07-30
13885,5639,Withdrawal,49500,2026-07-30
13886,6159,Withdrawal,93000,2026-07-30
13887,5597,Withdrawal,15000,2026-07-30
13888,6454,Deposit,47500,2026-07-30
13889,5845,Withdrawal,38000,2026-07-30
13890,5424,Withdrawal,7000,2026-07-30
13891,5994,Deposit,68000,2026-07-30
13892,5783,Withdrawal,5500,2026-07-30
13893,5148,Deposit,43000,2026-07-30
13894,5008,Deposit,19500,2026-07-30
13895,5659,Withdrawal,86500,2026-07-30
13896,5792,Withdrawal,99000,2026-07-30
13897,5772,Withdrawal,95500,2026-07-30
13898,5452,Withdrawal,95000,2026-07-30
13899,5571,Transfer,6500,2026-07-30
13900,5721,Withdrawal,98500,2026-07-30
13901,5538,Transfer,26500,2026-07-30
13902,6129,Deposit,9500,2026-07-30
13903,5375,Withdrawal,23500,2026-07-30
13904,6489,Deposit,56500,2026-07-30
13905,5241,Transfer,14500,2026-07-30
13906,6386,Transfer,86500,2026-07-30
13907,5696,Withdrawal,1000,2026-07-30
13908,6298,Transfer,19000,2026-07-30
13909,6424,Withdrawal,92000,2026-07-30
13910,5376,Withdrawal,15000,2026-07-30
13911,6002,Transfer,6000,2026-07-30
13912,5642,Transfer,45000,2026-07-30
13913,6424,Withdrawal,81000,2026-07-30
13914,5022,Withdrawal,14000,2026-07-30
13915,6059,Withdrawal,25000,2026-07-30
13916,5819,Deposit,90500,2026-07-30
13917,5005,Deposit,13500,2026-07-30
13918,5936,Transfer,73000,2026-07-30
13919,5261,Deposit,31500,2026-07-30
13920,5023,Transfer,11000,2026-07-30
13921,5462,Transfer,31500,2026-07-30
13922,5913,Withdrawal,88500,2026-07-30
13923,5494,Transfer,61500,2026-07-30
13924,6043,Deposit,56500,2026-07-30
13925,6322,Deposit,71500,2026-07-30
13926,5513,Deposit,13000,2026-07-30
13927,5402,Withdrawal,32500,2026-07-30
13928,5187,Withdrawal,40000,2026-07-30
13929,5873,Transfer,20000,2026-07-30
13930,5385,Transfer,41000,2026-07-30
13931,6448,Deposit,58500,2026-07-30
13932,5803,Withdrawal,92500,2026-07-30
13933,5229,Withdrawal,14000,2026-07-30
13934,5968,Withdrawal,66000,2026-07-30
13935,6380,Transfer,15000,2026-07-30
13936,5374,Withdrawal,21500,2026-07-30
13937,6453,Deposit,25000,2026-07-30
13938,5780,Transfer,77000,2026-07-30
13939,5094,Deposit,52000,2026-07-30
13940,5654,Transfer,5000,2026-07-30
13941,5691,Deposit,79000,2026-07-30
13942,6378,Deposit,83500,2026-07-30
13943,5736,Withdrawal,70000,2026-07-30
13944,5295,Withdrawal,56500,2026-07-30
13945,6190,Withdrawal,52000,2026-07-30
13946,5960,Transfer,31000,2026-07-30
13947,5522,Deposit,61500,2026-07-30
13948,6160,Withdrawal,23500,2026-07-30
13949,6323,Transfer,29500,2026-07-30
13950,5550,Transfer,69500,2026-07-30
13951,6324,Deposit,25500,2026-07-30
13952,6043,Withdrawal,22000,2026-07-30
13953,5419,Transfer,90000,2026-07-30
13954,5948,Withdrawal,82000,2026-07-30
13955,6058,Withdrawal,41000,2026-07-30
13956,5713,Transfer,52500,2026-07-30
13957,5895,Withdrawal,35000,2026-07-30
13958,6173,Transfer,24500,2026-07-30
13959,5447,Deposit,1500,2026-07-30
13960,5363,Transfer,4000,2026-07-30
13961,5863,Withdrawal,51500,2026-07-30
13962,5669,Withdrawal,86500,2026-07-30
13963,5195,Withdrawal,1000,2026-07-30
13964,6019,Deposit,87000,2026-07-30
13965,5116,Deposit,56000,2026-07-30
13966,5088,Withdrawal,96000,2026-07-30
13967,6092,Withdrawal,45500,2026-07-30
13968,6338,Withdrawal,23500,2026-07-30
13969,5387,Transfer,40000,2026-07-30
13970,5866,Deposit,2000,2026-07-30
13971,6165,Deposit,90500,2026-07-30
13972,5079,Deposit,43000,2026-07-30
13973,5592,Withdrawal,61500,2026-07-30
13974,5358,Withdrawal,77500,2026-07-30
13975,5459,Transfer,10500,2026-07-30
13976,5035,Withdrawal,57500,2026-07-30
13977,6186,Transfer,53500,2026-07-30
13978,6192,Transfer,78000,2026-07-30
13979,5323,Transfer,67000,2026-07-30
13980,5948,Transfer,42000,2026-07-30
13981,5956,Withdrawal,69000,2026-07-30
13982,6278,Transfer,1500,2026-07-30
13983,5741,Transfer,2500,2026-07-30
13984,6082,Transfer,93000,2026-07-30
13985,5746,Transfer,62000,2026-07-30
13986,5777,Withdrawal,89000,2026-07-30
13987,6068,Deposit,64000,2026-07-30
13988,5835,Deposit,68500,2026-07-30
13989,5324,Withdrawal,67500,2026-07-30
13990,5349,Withdrawal,74500,2026-07-30
13991,5393,Transfer,74500,2026-07-30
13992,5435,Deposit,98000,2026-07-30
13993,6076,Withdrawal,60000,2026-07-30
13994,5849,Deposit,25000,2026-07-30
13995,6352,Withdrawal,18500,2026-07-30
13996,5417,Withdrawal,7500,2026-07-30
13997,5992,Deposit,97500,2026-07-30
13998,5846,Withdrawal,98000,2026-07-30
13999,6212,Transfer,41000,2026-07-30
14000,5416,Deposit,30500,2026-07-30
14001,6142,Transfer,14500,2026-07-30
14002,5864,Deposit,57500,2026-07-30
14003,5705,Deposit,7500,2026-07-30
14004,6130,Transfer,84500,2026-07-30
14005,5097,Transfer,51000,2026-07-30
14006,6317,Withdrawal,63500,2026-07-30
14007,6138,Withdrawal,79500,2026-07-30
14008,5999,Transfer,49500,2026-07-30
14009,6358,Deposit,43500,2026-07-30
14010,5455,Withdrawal,73000,2026-07-30
14011,5668,Deposit,19500,2026-07-30
14012,6059,Transfer,100000,2026-07-30
14013,5314,Withdrawal,33500,2026-07-30
14014,6431,Withdrawal,22000,2026-07-30
14015,5127,Withdrawal,31500,2026-07-30
14016,5140,Deposit,83500,2026-07-30
14017,5164,Deposit,30000,2026-07-30
14018,5607,Transfer,66000,2026-07-30
14019,6325,Deposit,13000,2026-07-30
14020,6278,Deposit,89000,2026-07-30
14021,5778,Transfer,32500,2026-07-30
14022,6318,Deposit,91000,2026-07-30
14023,5731,Transfer,51500,2026-07-30
14024,5676,Transfer,82500,2026-07-30
14025,5924,Transfer,39000,2026-07-30
14026,6342,Transfer,12500,2026-07-30
14027,5086,Deposit,18500,2026-07-30
14028,6489,Withdrawal,92500,2026-07-30
14029,5038,Deposit,1000,2026-07-30
14030,5471,Transfer,48000,2026-07-30
14031,5852,Transfer,93000,2026-07-30
14032,6177,Withdrawal,83000,2026-07-30
14033,5273,Withdrawal,3500,2026-07-30
14034,5750,Deposit,31000,2026-07-30
14035,5330,Deposit,34000,2026-07-30
14036,5876,Deposit,27500,2026-07-30
14037,6484,Deposit,1500,2026-07-30
14038,6029,Withdrawal,38000,2026-07-30
14039,5868,Withdrawal,59500,2026-07-30
14040,5204,Deposit,82500,2026-07-30
14041,5737,Withdrawal,45500,2026-07-30
14042,5425,Deposit,21500,2026-07-30
14043,5297,Withdrawal,22000,2026-07-30
14044,6176,Transfer,71000,2026-07-30
14045,5753,Transfer,51500,2026-07-30
14046,6469,Transfer,88500,2026-07-30
14047,6225,Deposit,89500,2026-07-30
14048,6074,Transfer,74000,2026-07-30
14049,5612,Transfer,83000,2026-07-30
14050,6167,Deposit,86500,2026-07-30
14051,6061,Deposit,26000,2026-07-30
14052,6225,Deposit,66500,2026-07-30
14053,5663,Deposit,21000,2026-07-30
14054,5282,Transfer,82000,2026-07-30
14055,6287,Transfer,78500,2026-07-30
14056,6087,Withdrawal,38000,2026-07-30
14057,5444,Withdrawal,40500,2026-07-30
14058,5935,Withdrawal,54000,2026-07-30
14059,5051,Deposit,31500,2026-07-30
14060,5453,Withdrawal,24000,2026-07-30
14061,5075,Withdrawal,91000,2026-07-30
14062,5812,Withdrawal,52500,2026-07-30
14063,5384,Withdrawal,38000,2026-07-30
14064,5823,Deposit,25500,2026-07-30
14065,6478,Deposit,87000,2026-07-30
14066,6278,Deposit,79000,2026-07-30
14067,5462,Withdrawal,70000,2026-07-30
14068,5998,Transfer,51500,2026-07-30
14069,6003,Deposit,68000,2026-07-30
14070,5031,Deposit,10000,2026-07-30
14071,6095,Deposit,38500,2026-07-30
14072,5243,Deposit,98000,2026-07-30
14073,5981,Withdrawal,38000,2026-07-30
14074,5063,Withdrawal,23000,2026-07-30
14075,5065,Transfer,48500,2026-07-30
14076,6045,Withdrawal,36500,2026-07-30
14077,5171,Deposit,90500,2026-07-30
14078,5211,Deposit,52000,2026-07-30
14079,5455,Deposit,62000,2026-07-30
14080,5131,Withdrawal,65500,2026-07-30
14081,5858,Withdrawal,12000,2026-07-30
14082,6298,Deposit,45000,2026-07-30
14083,6217,Transfer,14000,2026-07-30
14084,6414,Deposit,500,2026-07-30
14085,5113,Withdrawal,45500,2026-07-30
14086,5933,Withdrawal,50500,2026-07-30
14087,6117,Transfer,24000,2026-07-30
14088,5027,Withdrawal,75500,2026-07-30
14089,6449,Deposit,11000,2026-07-30
14090,6177,Transfer,28500,2026-07-30
14091,6487,Deposit,54000,2026-07-30
14092,5620,Transfer,56000,2026-07-30
14093,5092,Transfer,73000,2026-07-30
14094,6119,Withdrawal,97500,2026-07-30
14095,5350,Withdrawal,72000,2026-07-30
14096,6259,Withdrawal,19000,2026-07-30
14097,6465,Transfer,71000,2026-07-30
14098,6113,Transfer,94500,2026-07-30
14099,5076,Withdrawal,13000,2026-07-30
14100,6021,Withdrawal,86000,2026-07-30
14101,6092,Withdrawal,31500,2026-07-30
14102,5848,Withdrawal,67000,2026-07-30
14103,5372,Deposit,48000,2026-07-30
14104,5159,Deposit,6500,2026-07-30
14105,5159,Transfer,21500,2026-07-30
14106,5360,Deposit,92000,2026-07-30
14107,6179,Deposit,19500,2026-07-30
14108,5006,Withdrawal,91000,2026-07-30
14109,6092,Deposit,28000,2026-07-30
14110,5445,Withdrawal,95000,2026-07-30
14111,5517,Deposit,56000,2026-07-30
14112,5015,Transfer,20500,2026-07-30
14113,5862,Transfer,24000,2026-07-30
14114,5472,Withdrawal,6000,2026-07-30
14115,5046,Withdrawal,90000,2026-07-30
14116,5468,Withdrawal,7500,2026-07-30
14117,5867,Withdrawal,16000,2026-07-30
14118,6424,Deposit,93000,2026-07-30
14119,5643,Deposit,43000,2026-07-30
14120,6020,Withdrawal,3000,2026-07-30
14121,6280,Withdrawal,94000,2026-07-30
14122,6214,Withdrawal,84000,2026-07-30
14123,5550,Deposit,20000,2026-07-30
14124,6406,Withdrawal,73000,2026-07-30
14125,5296,Transfer,32500,2026-07-30
14126,5998,Transfer,94500,2026-07-30
14127,5962,Withdrawal,10500,2026-07-30
14128,6207,Transfer,88500,2026-07-30
14129,5580,Deposit,56000,2026-07-30
14130,6240,Transfer,7500,2026-07-30
14131,6131,Deposit,89000,2026-07-30
14132,6308,Withdrawal,57500,2026-07-30
14133,5236,Deposit,78500,2026-07-30
14134,6213,Withdrawal,76500,2026-07-30
14135,6131,Withdrawal,1500,2026-07-30
14136,5614,Deposit,7000,2026-07-30
14137,6319,Withdrawal,57000,2026-07-30
14138,5802,Withdrawal,32000,2026-07-30
14139,5979,Deposit,70000,2026-07-30
14140,6282,Deposit,32500,2026-07-30
14141,5175,Withdrawal,82000,2026-07-30
14142,5739,Transfer,6000,2026-07-30
14143,6380,Deposit,65500,2026-07-30
14144,5939,Withdrawal,76000,2026-07-30
14145,5873,Withdrawal,96000,2026-07-30
14146,5684,Transfer,42000,2026-07-30
14147,5475,Deposit,52500,2026-07-30
14148,5049,Withdrawal,73000,2026-07-30
14149,5744,Withdrawal,80000,2026-07-30
14150,6473,Transfer,21500,2026-07-30
14151,5723,Transfer,20500,2026-07-30
14152,5012,Transfer,98500,2026-07-30
14153,6054,Deposit,99000,2026-07-30
14154,6040,Withdrawal,37000,2026-07-30
14155,5328,Transfer,5000,2026-07-30
14156,6017,Transfer,49500,2026-07-30
14157,5394,Withdrawal,25500,2026-07-30
14158,6250,Withdrawal,27500,2026-07-30
14159,6379,Transfer,21500,2026-07-30
14160,6401,Transfer,62500,2026-07-30
14161,5743,Deposit,12500,2026-07-30
14162,6138,Transfer,34000,2026-07-30
14163,5169,Transfer,25500,2026-07-30
14164,5702,Transfer,34000,2026-07-30
14165,5647,Transfer,9000,2026-07-30
14166,6276,Deposit,64500,2026-07-30
14167,5079,Withdrawal,100000,2026-07-30
14168,5595,Deposit,14000,2026-07-30
14169,5970,Deposit,73500,2026-07-30
14170,6124,Deposit,8000,2026-07-30
14171,5643,Withdrawal,10000,2026-07-30
14172,6192,Deposit,21500,2026-07-30
14173,5620,Withdrawal,64500,2026-07-30
14174,6267,Transfer,2000,2026-07-30
14175,5713,Deposit,36000,2026-07-30
14176,5409,Transfer,82000,2026-07-30
14177,6022,Withdrawal,62500,2026-07-30
14178,6388,Transfer,72500,2026-07-30
14179,5248,Withdrawal,87000,2026-07-30
14180,5024,Transfer,36500,2026-07-30
14181,6119,Withdrawal,75000,2026-07-30
14182,5788,Transfer,98500,2026-07-30
14183,5167,Deposit,67000,2026-07-30
14184,5852,Withdrawal,12000,2026-07-30
14185,6405,Transfer,62500,2026-07-30
14186,5057,Withdrawal,79500,2026-07-30
14187,5555,Transfer,8500,2026-07-30
14188,6166,Withdrawal,24500,2026-07-30
14189,5297,Transfer,61000,2026-07-30
14190,6054,Transfer,76500,2026-07-30
14191,6485,Withdrawal,28500,2026-07-30
14192,5874,Deposit,98500,2026-07-30
14193,5120,Deposit,82000,2026-07-30
14194,5462,Withdrawal,20500,2026-07-30
14195,5487,Transfer,65000,2026-07-30
14196,5409,Withdrawal,5000,2026-07-30
14197,5926,Deposit,500,2026-07-30
14198,5388,Withdrawal,74000,2026-07-30
14199,6319,Transfer,88500,2026-07-30
14200,5659,Withdrawal,28000,2026-07-30
14201,6254,Transfer,29000,2026-07-30
14202,5598,Transfer,99000,2026-07-30
14203,6396,Withdrawal,5500,2026-07-30
14204,5426,Deposit,4500,2026-07-30
14205,6278,Deposit,25500,2026-07-30
14206,5899,Deposit,54000,2026-07-30
14207,6289,Withdrawal,60000,2026-07-30
14208,5672,Deposit,66000,2026-07-30
14209,6390,Transfer,48500,2026-07-30
14210,5056,Withdrawal,92000,2026-07-30
14211,5520,Withdrawal,51500,2026-07-30
14212,6010,Deposit,21500,2026-07-30
14213,5848,Transfer,2000,2026-07-30
14214,6413,Withdrawal,72500,2026-07-30
14215,6380,Transfer,57000,2026-07-30
14216,5929,Transfer,45000,2026-07-30
14217,5937,Deposit,8000,2026-07-30
14218,5984,Withdrawal,81500,2026-07-30
14219,6089,Transfer,61000,2026-07-30
14220,5178,Withdrawal,82500,2026-07-30
14221,5276,Transfer,50000,2026-07-30
14222,6373,Withdrawal,27000,2026-07-30
14223,5756,Withdrawal,10000,2026-07-30
14224,6201,Deposit,72500,2026-07-30
14225,6495,Withdrawal,84500,2026-07-30
14226,5770,Withdrawal,59500,2026-07-30
14227,5233,Transfer,86000,2026-07-30
14228,6068,Withdrawal,75000,2026-07-30
14229,5455,Transfer,6000,2026-07-30
14230,5205,Withdrawal,96000,2026-07-30
14231,6379,Deposit,92500,2026-07-30
14232,5542,Deposit,47000,2026-07-30
14233,5739,Deposit,27000,2026-07-30
14234,5836,Deposit,60500,2026-07-30
14235,5769,Transfer,74500,2026-07-30
14236,6058,Transfer,37000,2026-07-30
14237,5775,Transfer,73500,2026-07-30
14238,6141,Deposit,64000,2026-07-30
14239,5074,Withdrawal,19000,2026-07-30
14240,5830,Transfer,96000,2026-07-30
14241,6011,Deposit,37000,2026-07-30
14242,5775,Transfer,85000,2026-07-30
14243,5665,Deposit,14000,2026-07-30
14244,6001,Transfer,2000,2026-07-30
14245,5511,Transfer,46500,2026-07-30
14246,6320,Deposit,94500,2026-07-30
14247,5616,Transfer,47500,2026-07-30
14248,5269,Deposit,86500,2026-07-30
14249,5037,Withdrawal,89500,2026-07-30
14250,5409,Withdrawal,70500,2026-07-30
14251,5257,Withdrawal,5500,2026-07-30
14252,6454,Transfer,39000,2026-07-30
14253,6238,Deposit,95500,2026-07-30
14254,5304,Withdrawal,89000,2026-07-30
14255,5376,Deposit,81000,2026-07-30
14256,5361,Transfer,41500,2026-07-30
14257,5342,Transfer,27000,2026-07-30
14258,6294,Deposit,22000,2026-07-30
14259,5319,Transfer,24000,2026-07-30
14260,5325,Withdrawal,56000,2026-07-30
14261,5069,Deposit,54000,2026-07-30
14262,5623,Withdrawal,16500,2026-07-30
14263,5808,Withdrawal,30000,2026-07-30
14264,6461,Deposit,87500,2026-07-30
14265,6261,Deposit,15500,2026-07-30
14266,5972,Withdrawal,500,2026-07-30
14267,5655,Withdrawal,83000,2026-07-30
14268,6434,Transfer,20000,2026-07-30
14269,5762,Withdrawal,76500,2026-07-30
14270,6213,Deposit,23500,2026-07-30
14271,5909,Withdrawal,87500,2026-07-30
14272,6466,Withdrawal,37000,2026-07-30
14273,5525,Transfer,28000,2026-07-30
14274,5518,Deposit,43000,2026-07-30
14275,5824,Deposit,93500,2026-07-30
14276,5256,Transfer,95500,2026-07-30
14277,5417,Deposit,37500,2026-07-30
14278,5499,Transfer,69500,2026-07-30
14279,6400,Withdrawal,30500,2026-07-30
14280,6064,Deposit,71500,2026-07-30
14281,5873,Withdrawal,23000,2026-07-30
14282,5542,Transfer,61500,2026-07-30
14283,6099,Transfer,40000,2026-07-30
14284,5120,Deposit,12500,2026-07-30
14285,5165,Deposit,91000,2026-07-30
14286,5052,Withdrawal,80500,2026-07-30
14287,5981,Transfer,36000,2026-07-30
14288,5061,Withdrawal,32500,2026-07-30
14289,5926,Transfer,43500,2026-07-30
14290,5846,Deposit,29000,2026-07-30
14291,5132,Deposit,12000,2026-07-30
14292,6259,Transfer,29500,2026-07-30
14293,5243,Withdrawal,86500,2026-07-30
14294,5630,Withdrawal,45000,2026-07-30
14295,5278,Withdrawal,28500,2026-07-30
14296,5368,Transfer,7500,2026-07-30
14297,5292,Transfer,88000,2026-07-30
14298,5652,Deposit,13000,2026-07-30
14299,5879,Transfer,83000,2026-07-30
14300,6116,Withdrawal,5500,2026-07-30
14301,6227,Transfer,65000,2026-07-30
14302,6419,Deposit,69500,2026-07-30
14303,5142,Transfer,3000,2026-07-30
14304,5211,Withdrawal,62000,2026-07-30
14305,5270,Deposit,63500,2026-07-30
14306,6017,Deposit,62000,2026-07-30
14307,5006,Transfer,68500,2026-07-30
14308,6328,Deposit,9000,2026-07-30
14309,5802,Deposit,66000,2026-07-30
14310,5388,Deposit,57500,2026-07-30
14311,6198,Withdrawal,63000,2026-07-30
14312,6446,Deposit,98000,2026-07-30
14313,5174,Transfer,83500,2026-07-30
14314,5026,Deposit,42500,2026-07-30
14315,6000,Withdrawal,54500,2026-07-30
14316,6396,Deposit,83500,2026-07-30
14317,5117,Withdrawal,81000,2026-07-30
14318,5508,Withdrawal,41000,2026-07-30
14319,5562,Transfer,82000,2026-07-30
14320,6063,Withdrawal,89000,2026-07-30
14321,5128,Transfer,74000,2026-07-30
14322,6429,Withdrawal,2500,2026-07-30
14323,5057,Transfer,15500,2026-07-30
14324,5947,Deposit,88500,2026-07-30
14325,5198,Deposit,35000,2026-07-30
14326,5804,Withdrawal,100000,2026-07-30
14327,5840,Transfer,12000,2026-07-30
14328,6306,Withdrawal,53500,2026-07-30
14329,5625,Transfer,84500,2026-07-30
14330,5504,Transfer,77000,2026-07-30
14331,5053,Withdrawal,48500,2026-07-30
14332,5557,Transfer,75500,2026-07-30
14333,5018,Transfer,88500,2026-07-30
14334,5724,Withdrawal,11000,2026-07-30
14335,5534,Withdrawal,53500,2026-07-30
14336,5739,Withdrawal,50500,2026-07-30
14337,5752,Deposit,77000,2026-07-30
14338,5598,Withdrawal,17500,2026-07-30
14339,6138,Deposit,78000,2026-07-30
14340,5550,Deposit,55000,2026-07-30
14341,5854,Deposit,48500,2026-07-30
14342,5402,Withdrawal,67500,2026-07-30
14343,5066,Deposit,95000,2026-07-30
14344,5849,Deposit,57500,2026-07-30
14345,6006,Deposit,10500,2026-07-30
14346,5526,Withdrawal,88000,2026-07-30
14347,6099,Deposit,48500,2026-07-30
14348,6065,Deposit,43000,2026-07-30
14349,5805,Transfer,35000,2026-07-30
14350,5019,Withdrawal,84000,2026-07-30
14351,5358,Withdrawal,30500,2026-07-30
14352,5370,Deposit,5500,2026-07-30
14353,5766,Withdrawal,5500,2026-07-30
14354,5605,Deposit,91000,2026-07-30
14355,5900,Withdrawal,97000,2026-07-30
14356,6425,Deposit,53500,2026-07-30
14357,6298,Withdrawal,29500,2026-07-30
14358,5170,Deposit,63500,2026-07-30
14359,5647,Transfer,57000,2026-07-30
14360,5340,Withdrawal,45000,2026-07-30
14361,5746,Withdrawal,42500,2026-07-30
14362,5109,Deposit,13000,2026-07-30
14363,5067,Withdrawal,10500,2026-07-30
14364,6185,Deposit,97000,2026-07-30
14365,5031,Withdrawal,46500,2026-07-30
14366,5271,Transfer,58500,2026-07-30
14367,5472,Deposit,91500,2026-07-30
14368,6155,Deposit,44500,2026-07-30
14369,6487,Deposit,83000,2026-07-30
14370,6424,Deposit,22500,2026-07-30
14371,6283,Deposit,68000,2026-07-30
14372,5847,Deposit,33000,2026-07-30
14373,6316,Withdrawal,93000,2026-07-30
14374,6211,Deposit,44000,2026-07-30
14375,5595,Deposit,46500,2026-07-30
14376,5471,Withdrawal,8000,2026-07-30
14377,5841,Withdrawal,64500,2026-07-30
14378,5163,Withdrawal,38500,2026-07-30
14379,5124,Deposit,48000,2026-07-30
14380,5064,Withdrawal,37000,2026-07-30
14381,6073,Transfer,56500,2026-07-30
14382,6169,Transfer,87500,2026-07-30
14383,5180,Deposit,85500,2026-07-30
14384,5794,Withdrawal,11500,2026-07-30
14385,5631,Deposit,56000,2026-07-30
14386,6173,Deposit,100000,2026-07-30
14387,5007,Transfer,92000,2026-07-30
14388,5354,Withdrawal,61500,2026-07-30
14389,5430,Deposit,9500,2026-07-30
14390,6086,Deposit,92500,2026-07-30
14391,5254,Transfer,95000,2026-07-30
14392,5131,Transfer,30000,2026-07-30
14393,5421,Deposit,21500,2026-07-30
14394,5004,Deposit,71000,2026-07-30
14395,6432,Transfer,34000,2026-07-30
14396,5505,Transfer,44000,2026-07-30
14397,5390,Transfer,97500,2026-07-30
14398,6145,Deposit,100000,2026-07-30
14399,6411,Withdrawal,52000,2026-07-30
14400,5251,Withdrawal,40500,2026-07-30
14401,6474,Withdrawal,58000,2026-07-30
14402,5865,Deposit,75000,2026-07-30
14403,5644,Deposit,66000,2026-07-30
14404,5075,Withdrawal,95000,2026-07-30
14405,6195,Deposit,47000,2026-07-30
14406,5853,Withdrawal,10000,2026-07-30
14407,5540,Withdrawal,88500,2026-07-30
14408,6156,Deposit,6500,2026-07-30
14409,5617,Transfer,8000,2026-07-30
14410,5555,Deposit,65500,2026-07-30
14411,5044,Withdrawal,85000,2026-07-30
14412,5462,Withdrawal,17500,2026-07-30
14413,5743,Transfer,36000,2026-07-30
14414,5467,Transfer,42000,2026-07-30
14415,6460,Withdrawal,22000,2026-07-30
14416,5256,Withdrawal,3000,2026-07-30
14417,6452,Withdrawal,99500,2026-07-30
14418,6243,Deposit,36500,2026-07-30
14419,5895,Withdrawal,16000,2026-07-30
14420,5302,Withdrawal,52500,2026-07-30
14421,6149,Deposit,13000,2026-07-30
14422,6491,Transfer,36000,2026-07-30
14423,6488,Withdrawal,53000,2026-07-30
14424,6488,Transfer,95500,2026-07-30
14425,5863,Transfer,57000,2026-07-30
14426,5877,Withdrawal,98000,2026-07-30
14427,5685,Transfer,85000,2026-07-30
14428,5976,Transfer,25000,2026-07-30
14429,6402,Withdrawal,96500,2026-07-30
14430,6134,Deposit,59000,2026-07-30
14431,5151,Transfer,88000,2026-07-30
14432,6142,Withdrawal,26500,2026-07-30
14433,6252,Transfer,28500,2026-07-30
14434,6027,Deposit,97000,2026-07-30
14435,6315,Withdrawal,93000,2026-07-30
14436,6297,Deposit,11000,2026-07-30
14437,5106,Transfer,5500,2026-07-30
14438,6421,Withdrawal,74000,2026-07-30
14439,6308,Withdrawal,7500,2026-07-30
14440,5631,Withdrawal,60000,2026-07-30
14441,5455,Deposit,63500,2026-07-30
14442,5098,Transfer,77000,2026-07-30
14443,5172,Transfer,50000,2026-07-30
14444,5698,Deposit,62000,2026-07-30
14445,5233,Withdrawal,64500,2026-07-30
14446,6079,Transfer,58500,2026-07-30
14447,5670,Deposit,72500,2026-07-30
14448,5669,Withdrawal,83500,2026-07-30
14449,5906,Deposit,66000,2026-07-30
14450,5508,Deposit,24000,2026-07-30
14451,6054,Transfer,72500,2026-07-30
14452,6319,Withdrawal,54500,2026-07-30
14453,6306,Withdrawal,1000,2026-07-30
14454,6427,Transfer,87000,2026-07-30
14455,6317,Transfer,74500,2026-07-30
14456,5300,Withdrawal,9500,2026-07-30
14457,5663,Deposit,95000,2026-07-30
14458,5294,Deposit,57500,2026-07-30
14459,5499,Transfer,55500,2026-07-30
14460,5313,Deposit,94500,2026-07-30
14461,6070,Deposit,78000,2026-07-30
14462,6117,Withdrawal,88500,2026-07-30
14463,5754,Transfer,55000,2026-07-30
14464,5446,Transfer,4000,2026-07-30
14465,5496,Withdrawal,32000,2026-07-30
14466,5131,Withdrawal,11500,2026-07-30
14467,6215,Transfer,36500,2026-07-30
14468,5144,Withdrawal,10000,2026-07-30
14469,6111,Deposit,81500,2026-07-30
14470,5856,Transfer,86500,2026-07-30
14471,5106,Withdrawal,100000,2026-07-30
14472,5951,Deposit,38000,2026-07-30
14473,5558,Transfer,13500,2026-07-30
14474,5344,Transfer,36500,2026-07-30
14475,6338,Transfer,11000,2026-07-30
14476,5632,Withdrawal,52000,2026-07-30
14477,6051,Deposit,94500,2026-07-30
14478,5143,Deposit,70000,2026-07-30
14479,5607,Withdrawal,15000,2026-07-30
14480,5234,Deposit,68500,2026-07-30
14481,5906,Transfer,65000,2026-07-30
14482,5537,Transfer,33000,2026-07-30
14483,6316,Transfer,82000,2026-07-30
14484,5447,Deposit,20000,2026-07-30
14485,5735,Withdrawal,47500,2026-07-30
14486,6140,Deposit,50000,2026-07-30
14487,6164,Transfer,4000,2026-07-30
14488,5249,Transfer,55500,2026-07-30
14489,5102,Transfer,26500,2026-07-30
14490,5628,Transfer,18500,2026-07-30
14491,5314,Transfer,8000,2026-07-30
14492,5639,Withdrawal,4500,2026-07-30
14493,5202,Transfer,1000,2026-07-30
14494,5834,Deposit,55500,2026-07-30
14495,6301,Transfer,28500,2026-07-30
14496,6000,Withdrawal,1000,2026-07-30
14497,5871,Deposit,17000,2026-07-30
14498,5354,Withdrawal,8000,2026-07-30
14499,5011,Withdrawal,94000,2026-07-30
14500,6049,Withdrawal,38000,2026-07-30
14501,6400,Transfer,30500,2026-07-30
14502,5592,Withdrawal,59000,2026-07-30
14503,6216,Withdrawal,26000,2026-07-30
14504,6267,Transfer,58000,2026-07-30
14505,6047,Withdrawal,31500,2026-07-30
14506,6228,Withdrawal,37000,2026-07-30
14507,5806,Withdrawal,27000,2026-07-30
14508,5594,Withdrawal,63000,2026-07-30
14509,5530,Withdrawal,45500,2026-07-30
14510,5483,Withdrawal,98500,2026-07-30
14511,5084,Transfer,15500,2026-07-30
14512,5504,Transfer,46000,2026-07-30
14513,5520,Withdrawal,32000,2026-07-30
14514,5787,Transfer,65000,2026-07-30
14515,6106,Transfer,13500,2026-07-30
14516,5349,Transfer,25000,2026-07-30
14517,5118,Deposit,8500,2026-07-30
14518,6048,Deposit,45500,2026-07-30
14519,5508,Deposit,82500,2026-07-30
14520,5435,Transfer,28500,2026-07-30
14521,5986,Deposit,85500,2026-07-30
14522,6317,Transfer,13000,2026-07-30
14523,5158,Transfer,81500,2026-07-30
14524,5719,Withdrawal,43500,2026-07-30
14525,5409,Deposit,15500,2026-07-30
14526,5267,Withdrawal,33500,2026-07-30
14527,5237,Deposit,80500,2026-07-30
14528,5271,Transfer,15500,2026-07-30
14529,6481,Transfer,84000,2026-07-30
14530,5640,Transfer,83500,2026-07-30
14531,6082,Deposit,52000,2026-07-30
14532,6184,Transfer,77500,2026-07-30
14533,5854,Withdrawal,8500,2026-07-30
14534,5973,Withdrawal,70000,2026-07-30
14535,6142,Deposit,66500,2026-07-30
14536,5929,Withdrawal,52500,2026-07-30
14537,5759,Deposit,4000,2026-07-30
14538,5047,Transfer,30000,2026-07-30
14539,6122,Deposit,12500,2026-07-30
14540,6105,Transfer,15000,2026-07-30
14541,5758,Transfer,63500,2026-07-30
14542,5960,Deposit,45000,2026-07-30
14543,5553,Transfer,30000,2026-07-30
14544,5151,Transfer,52500,2026-07-30
14545,6121,Withdrawal,83000,2026-07-30
14546,5417,Deposit,89000,2026-07-30
14547,6311,Transfer,39000,2026-07-30
14548,5412,Transfer,18000,2026-07-30
14549,6408,Deposit,82500,2026-07-30
14550,6386,Transfer,78000,2026-07-30
14551,5429,Transfer,58500,2026-07-30
14552,6011,Deposit,99500,2026-07-30
14553,6491,Transfer,74500,2026-07-30
14554,6091,Withdrawal,22000,2026-07-30
14555,5675,Deposit,65000,2026-07-30
14556,5896,Deposit,18500,2026-07-30
14557,6267,Withdrawal,51000,2026-07-30
14558,6478,Withdrawal,23000,2026-07-30
14559,5803,Deposit,64500,2026-07-30
14560,6478,Transfer,27500,2026-07-30
14561,6013,Deposit,9000,2026-07-30
14562,6055,Withdrawal,6500,2026-07-30
14563,5032,Deposit,22500,2026-07-30
14564,5788,Deposit,63000,2026-07-30
14565,6283,Deposit,92500,2026-07-30
14566,5506,Transfer,72000,2026-07-30
14567,5179,Deposit,48500,2026-07-30
14568,6115,Withdrawal,44000,2026-07-30
14569,5860,Withdrawal,67500,2026-07-30
14570,6291,Deposit,15500,2026-07-30
14571,5777,Transfer,88500,2026-07-30
14572,5116,Deposit,95000,2026-07-30
14573,5563,Deposit,86000,2026-07-30
14574,6469,Transfer,76000,2026-07-30
14575,6123,Withdrawal,43000,2026-07-30
14576,5612,Withdrawal,37000,2026-07-30
14577,5473,Deposit,34000,2026-07-30
14578,6147,Withdrawal,2000,2026-07-30
14579,5230,Deposit,23000,2026-07-30
14580,5576,Withdrawal,50000,2026-07-30
14581,5575,Transfer,26500,2026-07-30
14582,6119,Deposit,4000,2026-07-30
14583,5887,Withdrawal,84500,2026-07-30
14584,5411,Deposit,51000,2026-07-30
14585,6483,Withdrawal,45000,2026-07-30
14586,5880,Withdrawal,13500,2026-07-30
14587,6405,Deposit,76500,2026-07-30
14588,6012,Deposit,98500,2026-07-30
14589,5080,Transfer,84500,2026-07-30
14590,5355,Deposit,64000,2026-07-30
14591,5432,Transfer,94500,2026-07-30
14592,5245,Withdrawal,15000,2026-07-30
14593,6032,Deposit,83000,2026-07-30
14594,5051,Deposit,12000,2026-07-30
14595,6413,Transfer,42500,2026-07-30
14596,5132,Withdrawal,92000,2026-07-30
14597,6417,Withdrawal,71000,2026-07-30
14598,5808,Withdrawal,41000,2026-07-30
14599,5468,Deposit,33500,2026-07-30
14600,6302,Withdrawal,21000,2026-07-30
14601,5138,Withdrawal,84500,2026-07-30
14602,5865,Deposit,72500,2026-07-30
14603,6221,Withdrawal,19000,2026-07-30
14604,5020,Withdrawal,27000,2026-07-30
14605,5792,Deposit,16000,2026-07-30
14606,5071,Deposit,13000,2026-07-30
14607,6108,Withdrawal,50000,2026-07-30
14608,6152,Deposit,96500,2026-07-30
14609,5995,Withdrawal,19500,2026-07-30
14610,5946,Deposit,57500,2026-07-30
14611,5624,Transfer,79000,2026-07-30
14612,5633,Withdrawal,42500,2026-07-30
14613,5281,Withdrawal,91000,2026-07-30
14614,6409,Transfer,34000,2026-07-30
14615,6314,Withdrawal,58500,2026-07-30
14616,6428,Deposit,64000,2026-07-30
14617,6100,Withdrawal,76500,2026-07-30
14618,5167,Transfer,60000,2026-07-30
14619,5997,Withdrawal,15000,2026-07-30
14620,6478,Withdrawal,66000,2026-07-30
14621,6329,Deposit,71000,2026-07-30
14622,5742,Transfer,74000,2026-07-30
14623,5027,Withdrawal,4500,2026-07-30
14624,5501,Transfer,74500,2026-07-30
14625,6056,Withdrawal,79000,2026-07-30
14626,5691,Transfer,96000,2026-07-30
14627,5045,Withdrawal,49500,2026-07-30
14628,6371,Transfer,9500,2026-07-30
14629,6147,Withdrawal,58500,2026-07-30
14630,6196,Withdrawal,42000,2026-07-30
14631,5920,Transfer,55500,2026-07-30
14632,6070,Deposit,87500,2026-07-30
14633,6476,Transfer,71500,2026-07-30
14634,6361,Withdrawal,24000,2026-07-30
14635,5449,Withdrawal,84000,2026-07-30
14636,5094,Withdrawal,48500,2026-07-30
14637,5478,Transfer,75000,2026-07-30
14638,5541,Transfer,60500,2026-07-30
14639,5380,Transfer,4000,2026-07-30
14640,5935,Transfer,28000,2026-07-30
14641,5074,Transfer,36500,2026-07-30
14642,6380,Deposit,46500,2026-07-30
14643,6017,Transfer,45500,2026-07-30
14644,5003,Transfer,30500,2026-07-30
14645,5152,Transfer,61000,2026-07-30
14646,6428,Withdrawal,65000,2026-07-30
14647,5682,Transfer,76000,2026-07-30
14648,5664,Deposit,33000,2026-07-30
14649,5779,Deposit,16500,2026-07-30
14650,6329,Transfer,97500,2026-07-30
14651,6287,Withdrawal,20000,2026-07-30
14652,5436,Withdrawal,39000,2026-07-30
14653,6323,Transfer,59000,2026-07-30
14654,6152,Transfer,17500,2026-07-30
14655,6390,Deposit,3000,2026-07-30
14656,5784,Deposit,42500,2026-07-30
14657,5403,Deposit,95500,2026-07-30
14658,5544,Transfer,13500,2026-07-30
14659,6498,Transfer,13500,2026-07-30
14660,6178,Deposit,99000,2026-07-30
14661,5301,Withdrawal,67000,2026-07-30
14662,5404,Withdrawal,52000,2026-07-30
14663,6416,Withdrawal,3000,2026-07-30
14664,5024,Withdrawal,65000,2026-07-30
14665,5875,Withdrawal,42000,2026-07-30
14666,5721,Deposit,37500,2026-07-30
14667,5677,Withdrawal,59500,2026-07-30
14668,6446,Transfer,95500,2026-07-30
14669,5521,Withdrawal,2000,2026-07-30
14670,6045,Transfer,94000,2026-07-30
14671,5091,Deposit,72000,2026-07-30
14672,5956,Withdrawal,16000,2026-07-30
14673,5349,Withdrawal,99000,2026-07-30
14674,5720,Withdrawal,15000,2026-07-30
14675,5597,Transfer,52000,2026-07-30
14676,5927,Withdrawal,500,2026-07-30
14677,6368,Transfer,80000,2026-07-30
14678,5433,Transfer,90500,2026-07-30
14679,5909,Transfer,34000,2026-07-30
14680,6265,Withdrawal,67000,2026-07-30
14681,5166,Transfer,37000,2026-07-30
14682,5593,Deposit,10500,2026-07-30
14683,5070,Deposit,71000,2026-07-30
14684,6378,Deposit,48500,2026-07-30
14685,6045,Transfer,28000,2026-07-30
14686,5248,Withdrawal,4000,2026-07-30
14687,5460,Transfer,3500,2026-07-30
14688,5790,Transfer,99500,2026-07-30
14689,5795,Deposit,43500,2026-07-30
14690,6107,Withdrawal,33000,2026-07-30
14691,6485,Withdrawal,24500,2026-07-30
14692,6013,Deposit,90000,2026-07-30
14693,5539,Transfer,98000,2026-07-30
14694,5692,Deposit,58500,2026-07-30
14695,5246,Deposit,1000,2026-07-30
14696,5099,Deposit,19500,2026-07-30
14697,6388,Withdrawal,28000,2026-07-30
14698,5290,Transfer,10000,2026-07-30
14699,5762,Deposit,85500,2026-07-30
14700,5601,Deposit,7000,2026-07-30
14701,5574,Withdrawal,63000,2026-07-30
14702,5345,Withdrawal,65000,2026-07-30
14703,6348,Transfer,59500,2026-07-30
14704,5614,Transfer,13000,2026-07-30
14705,5501,Withdrawal,58000,2026-07-30
14706,6065,Withdrawal,71500,2026-07-30
14707,6355,Transfer,85000,2026-07-30
14708,5929,Transfer,87000,2026-07-30
14709,5812,Transfer,81000,2026-07-30
14710,5743,Withdrawal,12500,2026-07-30
14711,5886,Transfer,6000,2026-07-30
14712,6328,Deposit,64000,2026-07-30
14713,5167,Transfer,94500,2026-07-30
14714,5664,Transfer,66500,2026-07-30
14715,5648,Withdrawal,89500,2026-07-30
14716,5027,Withdrawal,17500,2026-07-30
14717,6459,Deposit,31500,2026-07-30
14718,6177,Withdrawal,32500,2026-07-30
14719,5581,Deposit,27000,2026-07-30
14720,6231,Deposit,93500,2026-07-30
14721,6247,Transfer,5500,2026-07-30
14722,5988,Withdrawal,4500,2026-07-30
14723,6309,Transfer,91000,2026-07-30
14724,5876,Withdrawal,38500,2026-07-30
14725,6376,Transfer,71500,2026-07-30
14726,6167,Deposit,35500,2026-07-30
14727,5856,Withdrawal,40000,2026-07-30
14728,6037,Deposit,46000,2026-07-30
14729,5635,Withdrawal,74000,2026-07-30
14730,5006,Withdrawal,82500,2026-07-30
14731,5488,Withdrawal,46500,2026-07-30
14732,5135,Deposit,32000,2026-07-30
14733,5902,Deposit,10000,2026-07-30
14734,5656,Transfer,60000,2026-07-30
14735,5371,Transfer,93500,2026-07-30
14736,5962,Withdrawal,16000,2026-07-30
14737,5941,Transfer,59500,2026-07-30
14738,6462,Withdrawal,17500,2026-07-30
14739,5574,Deposit,45500,2026-07-30
14740,6056,Deposit,36000,2026-07-30
14741,5889,Withdrawal,84000,2026-07-30
14742,5510,Deposit,14000,2026-07-30
14743,5896,Transfer,68500,2026-07-30
14744,6417,Withdrawal,28500,2026-07-30
14745,5041,Deposit,19500,2026-07-30
14746,6105,Withdrawal,4000,2026-07-30
14747,6066,Deposit,62500,2026-07-30
14748,6401,Withdrawal,88000,2026-07-30
14749,5708,Deposit,35000,2026-07-30
14750,5810,Deposit,32500,2026-07-30
14751,5646,Transfer,98000,2026-07-30
14752,6252,Transfer,53000,2026-07-30
14753,5010,Transfer,62500,2026-07-30
14754,6385,Withdrawal,83000,2026-07-30
14755,5512,Withdrawal,66500,2026-07-30
14756,5319,Deposit,3500,2026-07-30
14757,6111,Withdrawal,90000,2026-07-30
14758,5749,Withdrawal,69500,2026-07-30
14759,5559,Transfer,45000,2026-07-30
14760,5201,Transfer,66500,2026-07-30
14761,6305,Transfer,99500,2026-07-30
14762,5559,Deposit,95000,2026-07-30
14763,5747,Deposit,36000,2026-07-30
14764,5135,Deposit,92500,2026-07-30
14765,6354,Deposit,24000,2026-07-30
14766,5163,Withdrawal,13500,2026-07-30
14767,6111,Withdrawal,57000,2026-07-30
14768,5391,Withdrawal,52500,2026-07-30
14769,6164,Withdrawal,23000,2026-07-30
14770,5128,Transfer,33500,2026-07-30
14771,6430,Withdrawal,62000,2026-07-30
14772,5446,Transfer,82000,2026-07-30
14773,5255,Withdrawal,1000,2026-07-30
14774,5891,Transfer,64500,2026-07-30
14775,5231,Withdrawal,79000,2026-07-30
14776,6080,Deposit,32500,2026-07-30
14777,5725,Deposit,29500,2026-07-30
14778,5160,Transfer,30000,2026-07-30
14779,6397,Transfer,77000,2026-07-30
14780,5722,Deposit,79500,2026-07-30
14781,5017,Transfer,52000,2026-07-30
14782,6496,Withdrawal,48500,2026-07-30
14783,6339,Withdrawal,15000,2026-07-30
14784,6401,Transfer,94500,2026-07-30
14785,5557,Transfer,8500,2026-07-30
14786,5434,Transfer,46000,2026-07-30
14787,6057,Transfer,20500,2026-07-30
14788,5269,Transfer,13000,2026-07-30
14789,5326,Deposit,7000,2026-07-30
14790,5554,Deposit,31000,2026-07-30
14791,5246,Withdrawal,58500,2026-07-30
14792,5946,Transfer,92500,2026-07-30
14793,5647,Deposit,50000,2026-07-30
14794,5918,Withdrawal,85500,2026-07-30
14795,6354,Deposit,15500,2026-07-30
14796,5711,Withdrawal,99500,2026-07-30
14797,6155,Deposit,18000,2026-07-30
14798,5119,Withdrawal,87500,2026-07-30
14799,6022,Transfer,47500,2026-07-30
14800,5961,Withdrawal,9000,2026-07-30
14801,5863,Withdrawal,99000,2026-07-30
14802,6415,Deposit,83000,2026-07-30
14803,5384,Withdrawal,14000,2026-07-30
14804,6041,Withdrawal,36000,2026-07-30
14805,6163,Withdrawal,21000,2026-07-30
14806,5735,Deposit,63000,2026-07-30
14807,5343,Transfer,53000,2026-07-30
14808,5068,Transfer,63000,2026-07-30
14809,6300,Transfer,14500,2026-07-30
14810,5041,Transfer,7500,2026-07-30
14811,5277,Withdrawal,36500,2026-07-30
14812,6438,Withdrawal,67000,2026-07-30
14813,6205,Deposit,2500,2026-07-30
14814,6292,Deposit,78000,2026-07-30
14815,6197,Deposit,5500,2026-07-30
14816,5938,Deposit,88500,2026-07-30
14817,5433,Transfer,66000,2026-07-30
14818,5813,Withdrawal,67500,2026-07-30
14819,5006,Deposit,72000,2026-07-30
14820,5152,Transfer,19500,2026-07-30
14821,6120,Transfer,84000,2026-07-30
14822,6371,Withdrawal,2500,2026-07-30
14823,5752,Withdrawal,76500,2026-07-30
14824,6481,Withdrawal,83000,2026-07-30
14825,5739,Deposit,83000,2026-07-30
14826,5650,Deposit,57500,2026-07-30
14827,6296,Withdrawal,95500,2026-07-30
14828,5900,Withdrawal,63000,2026-07-30
14829,6346,Deposit,43000,2026-07-30
14830,5033,Transfer,58500,2026-07-30
14831,6391,Transfer,77500,2026-07-30
14832,5091,Deposit,34500,2026-07-30
14833,5164,Deposit,81500,2026-07-30
14834,6227,Withdrawal,4000,2026-07-30
14835,5357,Transfer,5000,2026-07-30
14836,6184,Deposit,58000,2026-07-30
14837,6193,Deposit,76000,2026-07-30
14838,5096,Withdrawal,35500,2026-07-30
14839,5716,Transfer,67000,2026-07-30
14840,5529,Transfer,14500,2026-07-30
14841,5683,Withdrawal,29000,2026-07-30
14842,5240,Withdrawal,31000,2026-07-30
14843,6012,Transfer,58000,2026-07-30
14844,5586,Transfer,62000,2026-07-30
14845,6043,Transfer,7500,2026-07-30
14846,5821,Deposit,39500,2026-07-30
14847,5983,Deposit,98500,2026-07-30
14848,6393,Deposit,6500,2026-07-30
14849,5385,Withdrawal,11000,2026-07-30
14850,6162,Deposit,77000,2026-07-30
14851,5881,Withdrawal,65500,2026-07-30
14852,6489,Withdrawal,79000,2026-07-30
14853,6116,Deposit,96500,2026-07-30
14854,6174,Withdrawal,81500,2026-07-30
14855,5930,Withdrawal,51500,2026-07-30
14856,5169,Withdrawal,40000,2026-07-30
14857,5593,Withdrawal,78000,2026-07-30
14858,5523,Deposit,79500,2026-07-30
14859,5466,Transfer,68000,2026-07-30
14860,5799,Transfer,73500,2026-07-30
14861,5656,Withdrawal,52500,2026-07-30
14862,5670,Withdrawal,59500,2026-07-30
14863,6038,Withdrawal,83000,2026-07-30
14864,6036,Transfer,86000,2026-07-30
14865,6196,Withdrawal,18500,2026-07-30
14866,5043,Transfer,99000,2026-07-30
14867,6231,Withdrawal,69500,2026-07-30
14868,5096,Withdrawal,13000,2026-07-30
14869,5624,Deposit,78500,2026-07-30
14870,5505,Transfer,89500,2026-07-30
14871,5638,Transfer,92500,2026-07-30
14872,5296,Transfer,42000,2026-07-30
14873,5014,Withdrawal,44000,2026-07-30
14874,6323,Deposit,19000,2026-07-30
14875,5187,Transfer,73500,2026-07-30
14876,5412,Withdrawal,76500,2026-07-30
14877,6098,Withdrawal,30000,2026-07-30
14878,6021,Deposit,41000,2026-07-30
14879,5519,Withdrawal,85000,2026-07-30
14880,6091,Transfer,85500,2026-07-30
14881,5298,Withdrawal,14500,2026-07-30
14882,6196,Deposit,71500,2026-07-30
14883,5237,Withdrawal,56000,2026-07-30
14884,5141,Withdrawal,76500,2026-07-30
14885,5161,Transfer,99000,2026-07-30
14886,6112,Deposit,11500,2026-07-30
14887,6468,Withdrawal,43500,2026-07-30
14888,5574,Transfer,47500,2026-07-30
14889,5946,Transfer,76500,2026-07-30
14890,6192,Transfer,80500,2026-07-30
14891,5161,Transfer,51500,2026-07-30
14892,5042,Transfer,45000,2026-07-30
14893,5778,Deposit,59500,2026-07-30
14894,5867,Withdrawal,95000,2026-07-30
14895,5195,Transfer,76500,2026-07-30
14896,5722,Withdrawal,21000,2026-07-30
14897,6044,Withdrawal,32000,2026-07-30
14898,5570,Withdrawal,94000,2026-07-30
14899,5254,Deposit,50000,2026-07-30
14900,5554,Withdrawal,67500,2026-07-30
14901,5489,Deposit,77000,2026-07-30
14902,5287,Withdrawal,30500,2026-07-30
14903,5333,Transfer,96500,2026-07-30
14904,5450,Deposit,79500,2026-07-30
14905,5087,Withdrawal,20000,2026-07-30
14906,5001,Deposit,7000,2026-07-30
14907,5245,Deposit,25500,2026-07-30
14908,5173,Withdrawal,2500,2026-07-30
14909,5286,Withdrawal,52500,2026-07-30
14910,6079,Withdrawal,97000,2026-07-30
14911,5445,Withdrawal,6500,2026-07-30
14912,5383,Deposit,33000,2026-07-30
14913,5186,Transfer,74500,2026-07-30
14914,5707,Withdrawal,16000,2026-07-30
14915,5827,Deposit,61000,2026-07-30
14916,5538,Withdrawal,45000,2026-07-30
14917,6319,Withdrawal,39000,2026-07-30
14918,5889,Deposit,38000,2026-07-30
14919,5726,Transfer,95000,2026-07-30
14920,5140,Deposit,38500,2026-07-30
14921,5727,Deposit,65000,2026-07-30
14922,5703,Transfer,100000,2026-07-30
14923,5664,Transfer,21000,2026-07-30
14924,5677,Deposit,35000,2026-07-30
14925,6055,Withdrawal,83500,2026-07-30
14926,5603,Deposit,28500,2026-07-30
14927,5402,Transfer,12500,2026-07-30
14928,5602,Transfer,94500,2026-07-30
14929,5755,Transfer,26000,2026-07-30
14930,5582,Withdrawal,36500,2026-07-30
14931,5512,Transfer,60500,2026-07-30
14932,5135,Deposit,46500,2026-07-30
14933,6184,Deposit,81500,2026-07-30
14934,5446,Deposit,89500,2026-07-30
14935,5337,Transfer,84000,2026-07-30
14936,5551,Transfer,36500,2026-07-30
14937,6388,Withdrawal,31000,2026-07-30
14938,5077,Deposit,70500,2026-07-30
14939,5425,Deposit,47000,2026-07-30
14940,6300,Deposit,71500,2026-07-30
14941,5523,Withdrawal,30000,2026-07-30
14942,5092,Withdrawal,70000,2026-07-30
14943,6223,Transfer,44000,2026-07-30
14944,5547,Transfer,12000,2026-07-30
14945,5514,Withdrawal,25000,2026-07-30
14946,5088,Transfer,73000,2026-07-30
14947,6308,Transfer,87500,2026-07-30
14948,5768,Withdrawal,21500,2026-07-30
14949,6474,Withdrawal,77500,2026-07-30
14950,5364,Deposit,44500,2026-07-30
14951,6190,Deposit,26500,2026-07-30
14952,5317,Deposit,68000,2026-07-30
14953,6447,Deposit,40000,2026-07-30
14954,5566,Deposit,17500,2026-07-30
14955,6370,Deposit,7500,2026-07-30
14956,5122,Transfer,19500,2026-07-30
14957,6016,Withdrawal,23500,2026-07-30
14958,5211,Withdrawal,47000,2026-07-30
14959,6216,Transfer,70500,2026-07-30
14960,5910,Withdrawal,10500,2026-07-30
14961,5255,Withdrawal,47500,2026-07-30
14962,6147,Deposit,35000,2026-07-30
14963,5049,Transfer,14000,2026-07-30
14964,5523,Withdrawal,61000,2026-07-30
14965,6033,Deposit,92500,2026-07-30
14966,5713,Transfer,68500,2026-07-30
14967,5568,Deposit,5000,2026-07-30
14968,6374,Withdrawal,40000,2026-07-30
14969,5514,Transfer,15500,2026-07-30
14970,5586,Transfer,82500,2026-07-30
14971,6292,Deposit,87000,2026-07-30
14972,6185,Transfer,1000,2026-07-30
14973,5364,Deposit,43000,2026-07-30
14974,5412,Transfer,75000,2026-07-30
14975,6025,Deposit,94500,2026-07-30
14976,5466,Transfer,18500,2026-07-30
14977,5702,Transfer,82000,2026-07-30
14978,5255,Withdrawal,40500,2026-07-30
14979,6464,Deposit,55500,2026-07-30
14980,5746,Withdrawal,22500,2026-07-30
14981,5368,Withdrawal,93000,2026-07-30
14982,6123,Withdrawal,63000,2026-07-30
14983,5602,Withdrawal,91500,2026-07-30
14984,5307,Transfer,61500,2026-07-30
14985,5003,Deposit,44000,2026-07-30
14986,5703,Deposit,71000,2026-07-30
14987,5791,Deposit,23000,2026-07-30
14988,5402,Withdrawal,42500,2026-07-30
14989,5195,Deposit,46000,2026-07-30
14990,5087,Transfer,72500,2026-07-30
14991,5957,Transfer,72500,2026-07-30
14992,6327,Deposit,78500,2026-07-30
14993,6420,Transfer,49500,2026-07-30
14994,5441,Withdrawal,17500,2026-07-30
14995,5020,Transfer,35000,2026-07-30
14996,5979,Transfer,54000,2026-07-30
14997,5769,Deposit,68000,2026-07-30
14998,6489,Withdrawal,94000,2026-07-30
14999,5817,Deposit,62000,2026-07-30
15000,6017,Transfer,67000,2026-07-30
